filename,M,N,K,batch,tuning_folder_path,proxy_shapes
fused_op_convert_el_convert_el_convert_el_mm_mul_mul_1_add_convert_el_01aac1e8e536a04e1359a547873042a1d4715f29_2048xbfloat16_150000x1024xbfloat16_2048x1024xbfloat16.mlir,150000,2048,1024,1,,"aten::addmm '[[2048], [150000, 1024], [1024, 2048], [], []]' '['""'""'c10::BFloat16'""'""', '""'""'c10::BFloat16'""'""', '""'""'c10::BFloat16'""'""', '""'""'Scalar'""'""', '""'""'Scalar'""'""']' '[[1], [1024, 1], [1, 1024], [], []]' '['""'""''""'""', '""'""''""'""', '""'""''""'""', '""'""'1'""'""', '""'""'1'""'""']'"
fused_op_convert_el_convert_el_convert_el_mm_mul_mul_1_add_convert_el_064d86319d7d574ff9e5bd3eb014c3482c57d106_3840xbfloat16_4352x3840xbfloat16_3840x3840xbfloat16.mlir,4352,3840,3840,1,,"aten::addmm '[[3840], [4352, 3840], [3840, 3840], [], []]' '['""'""'c10::BFloat16'""'""', '""'""'c10::BFloat16'""'""', '""'""'c10::BFloat16'""'""', '""'""'Scalar'""'""', '""'""'Scalar'""'""']' '[[1], [3840, 1], [1, 3840], [], []]' '['""'""''""'""', '""'""''""'""', '""'""''""'""', '""'""'1'""'""', '""'""'1'""'""']'"
fused_op_convert_el_convert_el_convert_el_mm_mul_mul_1_add_convert_el_09b2fc22ee0fff786662a546cfc1d213f1b710fa_1024xbfloat16_150000x128xbfloat16_1024x128xbfloat16.mlir,150000,1024,128,1,,"aten::addmm '[[1024], [150000, 128], [128, 1024], [], []]' '['""'""'c10::BFloat16'""'""', '""'""'c10::BFloat16'""'""', '""'""'c10::BFloat16'""'""', '""'""'Scalar'""'""', '""'""'Scalar'""'""']' '[[1], [128, 1], [1, 128], [], []]' '['""'""''""'""', '""'""''""'""', '""'""''""'""', '""'""'1'""'""', '""'""'1'""'""']'"
fused_op_convert_el_convert_el_convert_el_mm_mul_mul_1_add_convert_el_0aba9baf3d11cce6b30a622b76b9565d7592acd9_2048xbfloat16_4112x2048xbfloat16_2048x2048xbfloat16.mlir,4112,2048,2048,1,,"aten::addmm '[[2048], [4112, 2048], [2048, 2048], [], []]' '['""'""'c10::BFloat16'""'""', '""'""'c10::BFloat16'""'""', '""'""'c10::BFloat16'""'""', '""'""'Scalar'""'""', '""'""'Scalar'""'""']' '[[1], [2048, 1], [1, 2048], [], []]' '['""'""''""'""', '""'""''""'""', '""'""''""'""', '""'""'1'""'""', '""'""'1'""'""']'"
fused_op_convert_el_convert_el_convert_el_mm_mul_mul_1_add_convert_el_2fdba8fc05fd6089f0672bdeb064854f59ae3e86_1024xbfloat16_150000x4096xbfloat16_1024x4096xbfloat16.mlir,150000,1024,4096,1,,"aten::addmm '[[1024], [150000, 4096], [4096, 1024], [], []]' '['""'""'c10::BFloat16'""'""', '""'""'c10::BFloat16'""'""', '""'""'c10::BFloat16'""'""', '""'""'Scalar'""'""', '""'""'Scalar'""'""']' '[[1], [4096, 1], [1, 4096], [], []]' '['""'""''""'""', '""'""''""'""', '""'""''""'""', '""'""'1'""'""', '""'""'1'""'""']'"
fused_op_convert_el_convert_el_convert_el_mm_mul_mul_1_add_convert_el_349cf4bcfc1c79fb1f14af71680b279b1a9b7c16_2048xbfloat16_150000x8192xbfloat16_2048x8192xbfloat16.mlir,150000,2048,8192,1,,"aten::addmm '[[2048], [150000, 8192], [8192, 2048], [], []]' '['""'""'c10::BFloat16'""'""', '""'""'c10::BFloat16'""'""', '""'""'c10::BFloat16'""'""', '""'""'Scalar'""'""', '""'""'Scalar'""'""']' '[[1], [8192, 1], [1, 8192], [], []]' '['""'""''""'""', '""'""''""'""', '""'""''""'""', '""'""'1'""'""', '""'""'1'""'""']'"
fused_op_convert_el_convert_el_convert_el_mm_mul_mul_1_add_convert_el_4310a3879ff8292b0d0b67f969250a155a04272e_576xbfloat16_7680x576xbfloat16_576x576xbfloat16.mlir,7680,576,576,1,,"aten::addmm '[[576], [7680, 576], [576, 576], [], []]' '['""'""'c10::BFloat16'""'""', '""'""'c10::BFloat16'""'""', '""'""'c10::BFloat16'""'""', '""'""'Scalar'""'""', '""'""'Scalar'""'""']' '[[1], [576, 1], [1, 576], [], []]' '['""'""''""'""', '""'""''""'""', '""'""''""'""', '""'""'1'""'""', '""'""'1'""'""']'"
fused_op_convert_el_convert_el_convert_el_mm_mul_mul_1_add_convert_el_44fa83388f4968b3ed7fb45298a6519c82c8bfbf_576xbfloat16_1280x2304xbfloat16_576x2304xbfloat16.mlir,1280,576,2304,1,,"aten::addmm '[[576], [1280, 2304], [2304, 576], [], []]' '['""'""'c10::BFloat16'""'""', '""'""'c10::BFloat16'""'""', '""'""'c10::BFloat16'""'""', '""'""'Scalar'""'""', '""'""'Scalar'""'""']' '[[1], [2304, 1], [1, 2304], [], []]' '['""'""''""'""', '""'""''""'""', '""'""''""'""', '""'""'1'""'""', '""'""'1'""'""']'"
fused_op_convert_el_convert_el_convert_el_mm_mul_mul_1_add_convert_el_63377ae0c2ff8f556297bf5316223937a5f18bfc_4096xbfloat16_150000x16384xbfloat16_4096x16384xbfloat16.mlir,150000,4096,16384,1,,"aten::addmm '[[4096], [150000, 16384], [16384, 4096], [], []]' '['""'""'c10::BFloat16'""'""', '""'""'c10::BFloat16'""'""', '""'""'c10::BFloat16'""'""', '""'""'Scalar'""'""', '""'""'Scalar'""'""']' '[[1], [16384, 1], [1, 16384], [], []]' '['""'""''""'""', '""'""''""'""', '""'""''""'""', '""'""'1'""'""', '""'""'1'""'""']'"
fused_op_convert_el_convert_el_convert_el_mm_mul_mul_1_add_convert_el_64c9b2d98fe9fc70e0630a238e685b18a44da8a6_576xbfloat16_24576x576xbfloat16_576x576xbfloat16.mlir,24576,576,576,1,,"aten::addmm '[[576], [24576, 576], [576, 576], [], []]' '['""'""'c10::BFloat16'""'""', '""'""'c10::BFloat16'""'""', '""'""'c10::BFloat16'""'""', '""'""'Scalar'""'""', '""'""'Scalar'""'""']' '[[1], [576, 1], [1, 576], [], []]' '['""'""''""'""', '""'""''""'""', '""'""''""'""', '""'""'1'""'""', '""'""'1'""'""']'"
fused_op_convert_el_convert_el_convert_el_mm_mul_mul_1_add_convert_el_650376670eca97b03ec2126fdbb308b68b6d63ba_2268xbfloat16_150000x4096xbfloat16_2268x4096xbfloat16.mlir,150000,2268,4096,1,,"aten::addmm '[[2268], [150000, 4096], [4096, 2268], [], []]' '['""'""'c10::BFloat16'""'""', '""'""'c10::BFloat16'""'""', '""'""'c10::BFloat16'""'""', '""'""'Scalar'""'""', '""'""'Scalar'""'""']' '[[1], [4096, 1], [1, 4096], [], []]' '['""'""''""'""', '""'""''""'""', '""'""''""'""', '""'""'1'""'""', '""'""'1'""'""']'"
fused_op_convert_el_convert_el_convert_el_mm_mul_mul_1_add_convert_el_6f4e0ef8c9f4e1409baf5934af9c1ec1bc8f3920_128xbfloat16_32768x512xbfloat16_128x512xbfloat16.mlir,32768,128,512,1,,"aten::addmm '[[128], [32768, 512], [512, 128], [], []]' '['""'""'c10::BFloat16'""'""', '""'""'c10::BFloat16'""'""', '""'""'c10::BFloat16'""'""', '""'""'Scalar'""'""', '""'""'Scalar'""'""']' '[[1], [512, 1], [1, 512], [], []]' '['""'""''""'""', '""'""''""'""', '""'""''""'""', '""'""'1'""'""', '""'""'1'""'""']'"
fused_op_convert_el_convert_el_convert_el_mm_mul_mul_1_add_convert_el_80664950801b4a78801e56bf6c98c0cff266881e_2048xbfloat16_1285x2048xbfloat16_2048x2048xbfloat16.mlir,1285,2048,2048,1,,"aten::addmm '[[2048], [1285, 2048], [2048, 2048], [], []]' '['""'""'c10::BFloat16'""'""', '""'""'c10::BFloat16'""'""', '""'""'c10::BFloat16'""'""', '""'""'Scalar'""'""', '""'""'Scalar'""'""']' '[[1], [2048, 1], [1, 2048], [], []]' '['""'""''""'""', '""'""''""'""', '""'""''""'""', '""'""'1'""'""', '""'""'1'""'""']'"
fused_op_convert_el_convert_el_convert_el_mm_mul_mul_1_add_convert_el_86e98178fb92d76ed87f731e22d3d4db9e7681ee_3840xbfloat16_1280x3840xbfloat16_3840x3840xbfloat16.mlir,1280,3840,3840,1,,"aten::addmm '[[3840], [1280, 3840], [3840, 3840], [], []]' '['""'""'c10::BFloat16'""'""', '""'""'c10::BFloat16'""'""', '""'""'c10::BFloat16'""'""', '""'""'Scalar'""'""', '""'""'Scalar'""'""']' '[[1], [3840, 1], [1, 3840], [], []]' '['""'""''""'""', '""'""''""'""', '""'""''""'""', '""'""'1'""'""', '""'""'1'""'""']'"
fused_op_convert_el_convert_el_convert_el_mm_mul_mul_1_add_convert_el_8bf9de24ecc4e18bbac00f9db6d1fb92a3b85f1c_3840xbfloat16_2304x3840xbfloat16_3840x3840xbfloat16.mlir,2304,3840,3840,1,,"aten::addmm '[[3840], [2304, 3840], [3840, 3840], [], []]' '['""'""'c10::BFloat16'""'""', '""'""'c10::BFloat16'""'""', '""'""'c10::BFloat16'""'""', '""'""'Scalar'""'""', '""'""'Scalar'""'""']' '[[1], [3840, 1], [1, 3840], [], []]' '['""'""''""'""', '""'""''""'""', '""'""''""'""', '""'""'1'""'""', '""'""'1'""'""']'"
fused_op_convert_el_convert_el_convert_el_mm_mul_mul_1_add_convert_el_8eb21a7f895506f3ecba908e05d9c74cbeca735c_512xbfloat16_7680x512xbfloat16_512x512xbfloat16.mlir,7680,512,512,1,,"aten::addmm '[[512], [7680, 512], [512, 512], [], []]' '['""'""'c10::BFloat16'""'""', '""'""'c10::BFloat16'""'""', '""'""'c10::BFloat16'""'""', '""'""'Scalar'""'""', '""'""'Scalar'""'""']' '[[1], [512, 1], [1, 512], [], []]' '['""'""''""'""', '""'""''""'""', '""'""''""'""', '""'""'1'""'""', '""'""'1'""'""']'"
fused_op_convert_el_convert_el_convert_el_mm_mul_mul_1_add_convert_el_9542f6153fb34fbdf8c063a5cd6f07177210c3d8_4096xbfloat16_150000x1024xbfloat16_4096x1024xbfloat16.mlir,150000,4096,1024,1,,"aten::addmm '[[4096], [150000, 1024], [1024, 4096], [], []]' '['""'""'c10::BFloat16'""'""', '""'""'c10::BFloat16'""'""', '""'""'c10::BFloat16'""'""', '""'""'Scalar'""'""', '""'""'Scalar'""'""']' '[[1], [1024, 1], [1, 1024], [], []]' '['""'""''""'""', '""'""''""'""', '""'""''""'""', '""'""'1'""'""', '""'""'1'""'""']'"
fused_op_convert_el_convert_el_convert_el_mm_mul_mul_1_add_convert_el_960dabb110077c65f6fcb64cf7a14475d882ce22_4096xbfloat16_150000x4096xbfloat16_4096x4096xbfloat16.mlir,150000,4096,4096,1,,"aten::addmm '[[4096], [150000, 4096], [4096, 4096], [], []]' '['""'""'c10::BFloat16'""'""', '""'""'c10::BFloat16'""'""', '""'""'c10::BFloat16'""'""', '""'""'Scalar'""'""', '""'""'Scalar'""'""']' '[[1], [4096, 1], [1, 4096], [], []]' '['""'""''""'""', '""'""''""'""', '""'""''""'""', '""'""'1'""'""', '""'""'1'""'""']'"
fused_op_convert_el_convert_el_convert_el_mm_mul_mul_1_add_convert_el_9d39ac4475c7ad105466cf8ad3b9aa67ee64f9bb_576xbfloat16_24576x2048xbfloat16_576x2048xbfloat16.mlir,24576,576,2048,1,,"aten::addmm '[[576], [24576, 2048], [2048, 576], [], []]' '['""'""'c10::BFloat16'""'""', '""'""'c10::BFloat16'""'""', '""'""'c10::BFloat16'""'""', '""'""'Scalar'""'""', '""'""'Scalar'""'""']' '[[1], [2048, 1], [1, 2048], [], []]' '['""'""''""'""', '""'""''""'""', '""'""''""'""', '""'""'1'""'""', '""'""'1'""'""']'"
fused_op_convert_el_convert_el_convert_el_mm_mul_mul_1_add_convert_el_b0ff381f59f3172bc6d3c92b3cfc69c4a22da253_576xbfloat16_7680x3840xbfloat16_576x3840xbfloat16.mlir,7680,576,3840,1,,"aten::addmm '[[576], [7680, 3840], [3840, 576], [], []]' '['""'""'c10::BFloat16'""'""', '""'""'c10::BFloat16'""'""', '""'""'c10::BFloat16'""'""', '""'""'Scalar'""'""', '""'""'Scalar'""'""']' '[[1], [3840, 1], [1, 3840], [], []]' '['""'""''""'""', '""'""''""'""', '""'""''""'""', '""'""'1'""'""', '""'""'1'""'""']'"
fused_op_convert_el_convert_el_convert_el_mm_mul_mul_1_add_convert_el_b27d9c0e423a8ca54741b35128a4f51fc8e8b9ef_512xbfloat16_18928x128xbfloat16_512x128xbfloat16.mlir,18928,512,128,1,,"aten::addmm '[[512], [18928, 128], [128, 512], [], []]' '['""'""'c10::BFloat16'""'""', '""'""'c10::BFloat16'""'""', '""'""'c10::BFloat16'""'""', '""'""'Scalar'""'""', '""'""'Scalar'""'""']' '[[1], [128, 1], [1, 128], [], []]' '['""'""''""'""', '""'""''""'""', '""'""''""'""', '""'""'1'""'""', '""'""'1'""'""']'"
fused_op_convert_el_convert_el_convert_el_mm_mul_mul_1_add_convert_el_b2dab24aca4d3694d933173c89b1d666c667eff8_16384xbfloat16_150000x4096xbfloat16_16384x4096xbfloat16.mlir,150000,16384,4096,1,,"aten::addmm '[[16384], [150000, 4096], [4096, 16384], [], []]' '['""'""'c10::BFloat16'""'""', '""'""'c10::BFloat16'""'""', '""'""'c10::BFloat16'""'""', '""'""'Scalar'""'""', '""'""'Scalar'""'""']' '[[1], [4096, 1], [1, 4096], [], []]' '['""'""''""'""', '""'""''""'""', '""'""''""'""', '""'""'1'""'""', '""'""'1'""'""']'"
fused_op_convert_el_convert_el_convert_el_mm_mul_mul_1_add_convert_el_bd1b24beac540bdfac66ebdd2a23d60cd9da9854_512xbfloat16_24576x512xbfloat16_512x512xbfloat16.mlir,24576,512,512,1,,"aten::addmm '[[512], [24576, 512], [512, 512], [], []]' '['""'""'c10::BFloat16'""'""', '""'""'c10::BFloat16'""'""', '""'""'c10::BFloat16'""'""', '""'""'Scalar'""'""', '""'""'Scalar'""'""']' '[[1], [512, 1], [1, 512], [], []]' '['""'""''""'""', '""'""''""'""', '""'""''""'""', '""'""'1'""'""', '""'""'1'""'""']'"
fused_op_convert_el_convert_el_convert_el_mm_mul_mul_1_add_convert_el_ce0548a45550d59dfd291d4bc2e6fb0db0946f60_576xbfloat16_1280x3840xbfloat16_576x3840xbfloat16.mlir,1280,576,3840,1,,"aten::addmm '[[576], [1280, 3840], [3840, 576], [], []]' '['""'""'c10::BFloat16'""'""', '""'""'c10::BFloat16'""'""', '""'""'c10::BFloat16'""'""', '""'""'Scalar'""'""', '""'""'Scalar'""'""']' '[[1], [3840, 1], [1, 3840], [], []]' '['""'""''""'""', '""'""''""'""', '""'""''""'""', '""'""'1'""'""', '""'""'1'""'""']'"
fused_op_convert_el_convert_el_convert_el_mm_mul_mul_1_add_convert_el_d62c32e8006b92eea0ce799caaa1301713177ec8_4096xbfloat16_150000x2048xbfloat16_4096x2048xbfloat16.mlir,150000,4096,2048,1,,"aten::addmm '[[4096], [150000, 2048], [2048, 4096], [], []]' '['""'""'c10::BFloat16'""'""', '""'""'c10::BFloat16'""'""', '""'""'c10::BFloat16'""'""', '""'""'Scalar'""'""', '""'""'Scalar'""'""']' '[[1], [2048, 1], [1, 2048], [], []]' '['""'""''""'""', '""'""''""'""', '""'""''""'""', '""'""'1'""'""', '""'""'1'""'""']'"
fused_op_convert_el_convert_el_convert_el_mm_mul_mul_1_add_convert_el_da72b0b7f66978de8cb5b5125aed54bff827ad2c_4096xbfloat16_150000x105xbfloat16_4096x105xbfloat16.mlir,150000,4096,105,1,,"aten::addmm '[[4096], [150000, 105], [105, 4096], [], []]' '['""'""'c10::BFloat16'""'""', '""'""'c10::BFloat16'""'""', '""'""'c10::BFloat16'""'""', '""'""'Scalar'""'""', '""'""'Scalar'""'""']' '[[1], [105, 1], [1, 105], [], []]' '['""'""''""'""', '""'""''""'""', '""'""''""'""', '""'""'1'""'""', '""'""'1'""'""']'"
fused_op_convert_el_convert_el_convert_el_mm_mul_mul_1_add_convert_el_e03cb945dc6d015f47360c19ac08e007f407ecea_512xbfloat16_32768x128xbfloat16_512x128xbfloat16.mlir,32768,512,128,1,,"aten::addmm '[[512], [32768, 128], [128, 512], [], []]' '['""'""'c10::BFloat16'""'""', '""'""'c10::BFloat16'""'""', '""'""'c10::BFloat16'""'""', '""'""'Scalar'""'""', '""'""'Scalar'""'""']' '[[1], [128, 1], [1, 128], [], []]' '['""'""''""'""', '""'""''""'""', '""'""''""'""', '""'""'1'""'""', '""'""'1'""'""']'"
fused_op_convert_el_convert_el_convert_el_mm_mul_mul_1_add_convert_el_e3c3813d9aed808a2629431fe19bac16e5a4a1a7_576xbfloat16_1280x576xbfloat16_576x576xbfloat16.mlir,1280,576,576,1,,"aten::addmm '[[576], [1280, 576], [576, 576], [], []]' '['""'""'c10::BFloat16'""'""', '""'""'c10::BFloat16'""'""', '""'""'c10::BFloat16'""'""', '""'""'Scalar'""'""', '""'""'Scalar'""'""']' '[[1], [576, 1], [1, 576], [], []]' '['""'""''""'""', '""'""''""'""', '""'""''""'""', '""'""'1'""'""', '""'""'1'""'""']'"
fused_op_convert_el_convert_el_convert_el_mm_mul_mul_1_add_convert_el_f0625543a6ef05000c9accff519357ceaf6dca0f_8192xbfloat16_150000x2048xbfloat16_8192x2048xbfloat16.mlir,150000,8192,2048,1,,"aten::addmm '[[8192], [150000, 2048], [2048, 8192], [], []]' '['""'""'c10::BFloat16'""'""', '""'""'c10::BFloat16'""'""', '""'""'c10::BFloat16'""'""', '""'""'Scalar'""'""', '""'""'Scalar'""'""']' '[[1], [2048, 1], [1, 2048], [], []]' '['""'""''""'""', '""'""''""'""', '""'""''""'""', '""'""'1'""'""', '""'""'1'""'""']'"
fused_op_convert_el_convert_el_convert_el_mm_mul_mul_1_add_convert_el_f1a2658e00aec6ee8c6e680ab2a12ecbb334581e_128xbfloat16_18928x512xbfloat16_128x512xbfloat16.mlir,18928,128,512,1,,"aten::addmm '[[128], [18928, 512], [512, 128], [], []]' '['""'""'c10::BFloat16'""'""', '""'""'c10::BFloat16'""'""', '""'""'c10::BFloat16'""'""', '""'""'Scalar'""'""', '""'""'Scalar'""'""']' '[[1], [512, 1], [1, 512], [], []]' '['""'""''""'""', '""'""''""'""', '""'""''""'""', '""'""'1'""'""', '""'""'1'""'""']'"
fused_op_convert_el_convert_el_convert_el_mm_mul_mul_1_add_convert_el_f2cf8baddfd5b170c47747d720514b56d9c27b7e_3840xbfloat16_256x3840xbfloat16_3840x3840xbfloat16.mlir,256,3840,3840,1,,"aten::addmm '[[3840], [256, 3840], [3840, 3840], [], []]' '['""'""'c10::BFloat16'""'""', '""'""'c10::BFloat16'""'""', '""'""'c10::BFloat16'""'""', '""'""'Scalar'""'""', '""'""'Scalar'""'""']' '[[1], [3840, 1], [1, 3840], [], []]' '['""'""''""'""', '""'""''""'""', '""'""''""'""', '""'""'1'""'""', '""'""'1'""'""']'"
fused_op_convert_el_convert_el_convert_el_mm_mul_mul_1_add_convert_el_f62a897d431b42072daeb103b2b16ee04d458655_1134xbfloat16_150000x2048xbfloat16_1134x2048xbfloat16.mlir,150000,1134,2048,1,,"aten::addmm '[[1134], [150000, 2048], [2048, 1134], [], []]' '['""'""'c10::BFloat16'""'""', '""'""'c10::BFloat16'""'""', '""'""'c10::BFloat16'""'""', '""'""'Scalar'""'""', '""'""'Scalar'""'""']' '[[1], [2048, 1], [1, 2048], [], []]' '['""'""''""'""', '""'""''""'""', '""'""''""'""', '""'""'1'""'""', '""'""'1'""'""']'"
fused_op_mm_012c28e6a82119aecf801de6bb2388fe92be1a72_150000x1134xbfloat16_1134x2048xbfloat16.mlir,150000,2048,1134,1,,"aten::mm '[[150000, 1134], [1134, 2048]]' '['""'""'c10::BFloat16'""'""', '""'""'c10::BFloat16'""'""']' '[[1134, 1], [2048, 1]]' '['""'""''""'""', '""'""''""'""']'"
fused_op_mm_07097b90cd90f5d1d011973df14c968c195fc64e_1285x2048xbfloat16_1285x8192xbfloat16.mlir,2048,8192,1285,1,,"aten::mm '[[2048, 1285], [1285, 8192]]' '['""'""'c10::BFloat16'""'""', '""'""'c10::BFloat16'""'""']' '[[1, 2048], [8192, 1]]' '['""'""''""'""', '""'""''""'""']'"
fused_op_mm_08aadd4269f6e706ba7a8a61d5b6606bbdf0277e_24576x2048xbfloat16_2048x1536xbfloat16.mlir,24576,1536,2048,1,,"aten::mm '[[24576, 2048], [2048, 1536]]' '['""'""'c10::BFloat16'""'""', '""'""'c10::BFloat16'""'""']' '[[2048, 1], [1536, 1]]' '['""'""''""'""', '""'""''""'""']'"
fused_op_mm_0a6f15bbf23ccd3bc0c541d558ad11fde9171919_1285x2048xbfloat16_2048x3840xbfloat16.mlir,1285,3840,2048,1,,"aten::mm '[[1285, 2048], [2048, 3840]]' '['""'""'c10::BFloat16'""'""', '""'""'c10::BFloat16'""'""']' '[[2048, 1], [3840, 1]]' '['""'""''""'""', '""'""''""'""']'"
fused_op_mm_0c102c36117103e2a7b9ad853325b6116cc3c0ba_4096x8192xbfloat16_2048x8192xbfloat16.mlir,4096,2048,8192,1,,"aten::mm '[[4096, 8192], [8192, 2048]]' '['""'""'c10::BFloat16'""'""', '""'""'c10::BFloat16'""'""']' '[[8192, 1], [1, 8192]]' '['""'""''""'""', '""'""''""'""']'"
fused_op_mm_0fdb139d0976e1e45f0b6862c30603fd461efbad_4096x8192xbfloat16_4096x2048xbfloat16.mlir,8192,2048,4096,1,,"aten::mm '[[8192, 4096], [4096, 2048]]' '['""'""'c10::BFloat16'""'""', '""'""'c10::BFloat16'""'""']' '[[1, 8192], [2048, 1]]' '['""'""''""'""', '""'""''""'""']'"
fused_op_mm_151854ef9527a67c16b1c1e98630311308dd87a7_1280x3840xbfloat16_3840x3840xbfloat16.mlir,1280,3840,3840,1,,"aten::mm '[[1280, 3840], [3840, 3840]]' '['""'""'c10::BFloat16'""'""', '""'""'c10::BFloat16'""'""']' '[[3840, 1], [3840, 1]]' '['""'""''""'""', '""'""''""'""']'"
fused_op_mm_1575148db041eee297d84a3e4115e555ec1a4883_150000x8192xbfloat16_150000x2048xbfloat16.mlir,8192,2048,150000,1,,"aten::mm '[[8192, 150000], [150000, 2048]]' '['""'""'c10::BFloat16'""'""', '""'""'c10::BFloat16'""'""']' '[[1, 8192], [2048, 1]]' '['""'""''""'""', '""'""''""'""']'"
fused_op_mm_17d036f7fbba908cc2aac89e5b38ea88c7081d89_150000x4096xbfloat16_4096x1024xbfloat16.mlir,150000,1024,4096,1,,"aten::mm '[[150000, 4096], [4096, 1024]]' '['""'""'c10::BFloat16'""'""', '""'""'c10::BFloat16'""'""']' '[[4096, 1], [1024, 1]]' '['""'""''""'""', '""'""''""'""']'"
fused_op_mm_1846216c3f2564f25eed76f9a1eddf979add43d9_150000x2048xbfloat16_150000x1024xbfloat16.mlir,2048,1024,150000,1,,"aten::mm '[[2048, 150000], [150000, 1024]]' '['""'""'c10::BFloat16'""'""', '""'""'c10::BFloat16'""'""']' '[[1, 2048], [1024, 1]]' '['""'""''""'""', '""'""''""'""']'"
fused_op_mm_1b6df0c6373cc8ab746da29f75f57a4678d848cc_11520x3840xbfloat16_11520x3840xbfloat16.mlir,3840,3840,11520,1,,"aten::mm '[[3840, 11520], [11520, 3840]]' '['""'""'c10::BFloat16'""'""', '""'""'c10::BFloat16'""'""']' '[[1, 3840], [3840, 1]]' '['""'""''""'""', '""'""''""'""']'"
fused_op_mm_1cf3cd72f4c1e969938577d0a4c7fd56f371d7ce_1285x3840xbfloat16_1285x2048xbfloat16.mlir,3840,2048,1285,1,,"aten::mm '[[3840, 1285], [1285, 2048]]' '['""'""'c10::BFloat16'""'""', '""'""'c10::BFloat16'""'""']' '[[1, 3840], [2048, 1]]' '['""'""''""'""', '""'""''""'""']'"
fused_op_mm_23a1904c23d796acf48d30815be1f767e3debc24_4096x2048xbfloat16_2048x2048xbfloat16.mlir,4096,2048,2048,1,,"aten::mm '[[4096, 2048], [2048, 2048]]' '['""'""'c10::BFloat16'""'""', '""'""'c10::BFloat16'""'""']' '[[2048, 1], [1, 2048]]' '['""'""''""'""', '""'""''""'""']'"
fused_op_mm_30ef1e0210111b73d9e49dcf4b77927e7646edd6_1280x3840xbfloat16_3840x3840xbfloat16.mlir,1280,3840,3840,1,,"aten::mm '[[1280, 3840], [3840, 3840]]' '['""'""'c10::BFloat16'""'""', '""'""'c10::BFloat16'""'""']' '[[3840, 1], [1, 3840]]' '['""'""''""'""', '""'""''""'""']'"
fused_op_mm_30fb13ca54bad673af6a17af15544e136318cef7_4112x8192xbfloat16_4112x2048xbfloat16.mlir,8192,2048,4112,1,,"aten::mm '[[8192, 4112], [4112, 2048]]' '['""'""'c10::BFloat16'""'""', '""'""'c10::BFloat16'""'""']' '[[1, 8192], [2048, 1]]' '['""'""''""'""', '""'""''""'""']'"
fused_op_mm_369d8f851dfa3ddd71ef3df7293e325504d80678_150000x4096xbfloat16_4096x2048xbfloat16.mlir,150000,2048,4096,1,,"aten::mm '[[150000, 4096], [4096, 2048]]' '['""'""'c10::BFloat16'""'""', '""'""'c10::BFloat16'""'""']' '[[4096, 1], [2048, 1]]' '['""'""''""'""', '""'""''""'""']'"
fused_op_mm_36c13bd10c7cf5203d16246e2317b0fb842c2377_24576x2048xbfloat16_24576x1536xbfloat16.mlir,2048,1536,24576,1,,"aten::mm '[[2048, 24576], [24576, 1536]]' '['""'""'c10::BFloat16'""'""', '""'""'c10::BFloat16'""'""']' '[[1, 2048], [1536, 1]]' '['""'""''""'""', '""'""''""'""']'"
fused_op_mm_3794936e178e20c6c685e03ab93642960e15e66d_150000x16384xbfloat16_16384x4096xbfloat16.mlir,150000,4096,16384,1,,"aten::mm '[[150000, 16384], [16384, 4096]]' '['""'""'c10::BFloat16'""'""', '""'""'c10::BFloat16'""'""']' '[[16384, 1], [4096, 1]]' '['""'""''""'""', '""'""''""'""']'"
fused_op_mm_380f67cd45d60a100f88dffc98f4013983032ec1_150000x4096xbfloat16_150000x4096xbfloat16.mlir,4096,4096,150000,1,,"aten::mm '[[4096, 150000], [150000, 4096]]' '['""'""'c10::BFloat16'""'""', '""'""'c10::BFloat16'""'""']' '[[1, 4096], [4096, 1]]' '['""'""''""'""', '""'""''""'""']'"
fused_op_mm_382c07ac79bbe3bfdc6d4f3d59dc18335a62687a_1280x7680xbfloat16_1280x3840xbfloat16.mlir,7680,3840,1280,1,,"aten::mm '[[7680, 1280], [1280, 3840]]' '['""'""'c10::BFloat16'""'""', '""'""'c10::BFloat16'""'""']' '[[1, 7680], [3840, 1]]' '['""'""''""'""', '""'""''""'""']'"
fused_op_mm_3bae4c2bfbe0ebbc639738b4ac09969f231dd821_4096x2048xbfloat16_2048x2048xbfloat16.mlir,4096,2048,2048,1,,"aten::mm '[[4096, 2048], [2048, 2048]]' '['""'""'c10::BFloat16'""'""', '""'""'c10::BFloat16'""'""']' '[[2048, 1], [2048, 1]]' '['""'""''""'""', '""'""''""'""']'"
fused_op_mm_3d73bf58ee0769d1028dbc79275b963eaef9fa7a_1285x2048xbfloat16_8192x2048xbfloat16.mlir,1285,8192,2048,1,,"aten::mm '[[1285, 2048], [2048, 8192]]' '['""'""'c10::BFloat16'""'""', '""'""'c10::BFloat16'""'""']' '[[2048, 1], [1, 2048]]' '['""'""''""'""', '""'""''""'""']'"
fused_op_mm_3ddd151178a649d9cab8e1bbe5562fc5c9162198_150000x4096xbfloat16_4096x16384xbfloat16.mlir,150000,16384,4096,1,,"aten::mm '[[150000, 4096], [4096, 16384]]' '['""'""'c10::BFloat16'""'""', '""'""'c10::BFloat16'""'""']' '[[4096, 1], [16384, 1]]' '['""'""''""'""', '""'""''""'""']'"
fused_op_mm_3ef5ce63c661d3983cf6d1f83bc5190dee98beaf_7680x2048xbfloat16_7680x1536xbfloat16.mlir,2048,1536,7680,1,,"aten::mm '[[2048, 7680], [7680, 1536]]' '['""'""'c10::BFloat16'""'""', '""'""'c10::BFloat16'""'""']' '[[1, 2048], [1536, 1]]' '['""'""''""'""', '""'""''""'""']'"
fused_op_mm_3f6a6d693d48f21d83b0ea568ef8a9f07d08e25a_1280x3840xbfloat16_7680x3840xbfloat16.mlir,1280,7680,3840,1,,"aten::mm '[[1280, 3840], [3840, 7680]]' '['""'""'c10::BFloat16'""'""', '""'""'c10::BFloat16'""'""']' '[[3840, 1], [1, 3840]]' '['""'""''""'""', '""'""''""'""']'"
fused_op_mm_40cd953a25b67adc0c22f59588aae8c259c968b8_1280x3840xbfloat16_1280x3840xbfloat16.mlir,3840,3840,1280,1,,"aten::mm '[[3840, 1280], [1280, 3840]]' '['""'""'c10::BFloat16'""'""', '""'""'c10::BFloat16'""'""']' '[[1, 3840], [3840, 1]]' '['""'""''""'""', '""'""''""'""']'"
fused_op_mm_4987af4b30674002fb4ef98a53aa364461746f54_150000x3072xbfloat16_150000x1024xbfloat16.mlir,3072,1024,150000,1,,"aten::mm '[[3072, 150000], [150000, 1024]]' '['""'""'c10::BFloat16'""'""', '""'""'c10::BFloat16'""'""']' '[[1, 3072], [1024, 1]]' '['""'""''""'""', '""'""''""'""']'"
fused_op_mm_512bb641c803cb3732f90390091b7546a238b969_150000x4096xbfloat16_150000x16384xbfloat16.mlir,4096,16384,150000,1,,"aten::mm '[[4096, 150000], [150000, 16384]]' '['""'""'c10::BFloat16'""'""', '""'""'c10::BFloat16'""'""']' '[[1, 4096], [16384, 1]]' '['""'""''""'""', '""'""''""'""']'"
fused_op_mm_542ef0152e472ef8df3e58597cc28991817b0d5e_2304x3840xbfloat16_2304x3840xbfloat16.mlir,3840,3840,2304,1,,"aten::mm '[[3840, 2304], [2304, 3840]]' '['""'""'c10::BFloat16'""'""', '""'""'c10::BFloat16'""'""']' '[[1, 3840], [3840, 1]]' '['""'""''""'""', '""'""''""'""']'"
fused_op_mm_58f1d9c26ca724e44f878c93263a859376b340df_1285x2048xbfloat16_2048x8192xbfloat16.mlir,1285,8192,2048,1,,"aten::mm '[[1285, 2048], [2048, 8192]]' '['""'""'c10::BFloat16'""'""', '""'""'c10::BFloat16'""'""']' '[[2048, 1], [8192, 1]]' '['""'""''""'""', '""'""''""'""']'"
fused_op_mm_58fe34c9f20671d4ef0cfcba8485c49a44401963_150000x2048xbfloat16_2048x1024xbfloat16.mlir,150000,1024,2048,1,,"aten::mm '[[150000, 2048], [2048, 1024]]' '['""'""'c10::BFloat16'""'""', '""'""'c10::BFloat16'""'""']' '[[2048, 1], [1024, 1]]' '['""'""''""'""', '""'""''""'""']'"
fused_op_mm_5902e7b3f2e5a4dfdc641807593e4ca6e591f540_4112x8192xbfloat16_8192x2048xbfloat16.mlir,4112,2048,8192,1,,"aten::mm '[[4112, 8192], [8192, 2048]]' '['""'""'c10::BFloat16'""'""', '""'""'c10::BFloat16'""'""']' '[[8192, 1], [2048, 1]]' '['""'""''""'""', '""'""''""'""']'"
fused_op_mm_5bdb4cc5f642456c6165bf566a3641b89153194f_150000x2048xbfloat16_2048x8192xbfloat16.mlir,150000,8192,2048,1,,"aten::mm '[[150000, 2048], [2048, 8192]]' '['""'""'c10::BFloat16'""'""', '""'""'c10::BFloat16'""'""']' '[[2048, 1], [8192, 1]]' '['""'""''""'""', '""'""''""'""']'"
fused_op_mm_61526b2842a4ce8bcb032dd1bdb8cfefcf663053_4112x2048xbfloat16_4112x8192xbfloat16.mlir,2048,8192,4112,1,,"aten::mm '[[2048, 4112], [4112, 8192]]' '['""'""'c10::BFloat16'""'""', '""'""'c10::BFloat16'""'""']' '[[1, 2048], [8192, 1]]' '['""'""''""'""', '""'""''""'""']'"
fused_op_mm_6192a14a718f1ea914946d302b631204fa28cf9d_1285x3840xbfloat16_3840x2048xbfloat16.mlir,1285,2048,3840,1,,"aten::mm '[[1285, 3840], [3840, 2048]]' '['""'""'c10::BFloat16'""'""', '""'""'c10::BFloat16'""'""']' '[[3840, 1], [2048, 1]]' '['""'""''""'""', '""'""''""'""']'"
fused_op_mm_62770a3538976f6cce19e9904ff92b7a60e7488b_7680x2048xbfloat16_2048x1536xbfloat16.mlir,7680,1536,2048,1,,"aten::mm '[[7680, 2048], [2048, 1536]]' '['""'""'c10::BFloat16'""'""', '""'""'c10::BFloat16'""'""']' '[[2048, 1], [1536, 1]]' '['""'""''""'""', '""'""''""'""']'"
fused_op_mm_62d9672df34ac0204800d014f7068b7a63de65c4_4352x3840xbfloat16_4352x3840xbfloat16.mlir,3840,3840,4352,1,,"aten::mm '[[3840, 4352], [4352, 3840]]' '['""'""'c10::BFloat16'""'""', '""'""'c10::BFloat16'""'""']' '[[1, 3840], [3840, 1]]' '['""'""''""'""', '""'""''""'""']'"
fused_op_mm_6426b016c9f73d4b4ac77fe3f57204a6cb11a536_150000x2268xbfloat16_150000x4096xbfloat16.mlir,2268,4096,150000,1,,"aten::mm '[[2268, 150000], [150000, 4096]]' '['""'""'c10::BFloat16'""'""', '""'""'c10::BFloat16'""'""']' '[[1, 2268], [4096, 1]]' '['""'""''""'""', '""'""''""'""']'"
fused_op_mm_663ddd6a283771c2759d4d196d270322eb46555a_4096x2048xbfloat16_2048x8192xbfloat16.mlir,4096,8192,2048,1,,"aten::mm '[[4096, 2048], [2048, 8192]]' '['""'""'c10::BFloat16'""'""', '""'""'c10::BFloat16'""'""']' '[[2048, 1], [8192, 1]]' '['""'""''""'""', '""'""''""'""']'"
fused_op_mm_6c3244b7ab8b444a2c8d6561764827054787f5de_4112x2048xbfloat16_2048x8192xbfloat16.mlir,4112,8192,2048,1,,"aten::mm '[[4112, 2048], [2048, 8192]]' '['""'""'c10::BFloat16'""'""', '""'""'c10::BFloat16'""'""']' '[[2048, 1], [8192, 1]]' '['""'""''""'""', '""'""''""'""']'"
fused_op_mm_79d284b9b53c66d5daa286a3d25a4fb58fcf39fa_4112x2048xbfloat16_4112x2048xbfloat16.mlir,2048,2048,4112,1,,"aten::mm '[[2048, 4112], [4112, 2048]]' '['""'""'c10::BFloat16'""'""', '""'""'c10::BFloat16'""'""']' '[[1, 2048], [2048, 1]]' '['""'""''""'""', '""'""''""'""']'"
fused_op_mm_7fb15a929dc009f84f65e883e3d05935f010d193_4112x8192xbfloat16_2048x8192xbfloat16.mlir,4112,2048,8192,1,,"aten::mm '[[4112, 8192], [8192, 2048]]' '['""'""'c10::BFloat16'""'""', '""'""'c10::BFloat16'""'""']' '[[8192, 1], [1, 8192]]' '['""'""''""'""', '""'""''""'""']'"
fused_op_mm_802788ed6f6fa79a7b4bd8492e2f1e320bc5ba41_4096x8192xbfloat16_8192x2048xbfloat16.mlir,4096,2048,8192,1,,"aten::mm '[[4096, 8192], [8192, 2048]]' '['""'""'c10::BFloat16'""'""', '""'""'c10::BFloat16'""'""']' '[[8192, 1], [2048, 1]]' '['""'""''""'""', '""'""''""'""']'"
fused_op_mm_88fff1ad50da9b51077fb3eca5249b83de877795_4096x6144xbfloat16_4096x2048xbfloat16.mlir,6144,2048,4096,1,,"aten::mm '[[6144, 4096], [4096, 2048]]' '['""'""'c10::BFloat16'""'""', '""'""'c10::BFloat16'""'""']' '[[1, 6144], [2048, 1]]' '['""'""''""'""', '""'""''""'""']'"
fused_op_mm_8c14954568a98526651c91763c85d744445c308b_7680x1536xbfloat16_2048x1536xbfloat16.mlir,7680,2048,1536,1,,"aten::mm '[[7680, 1536], [1536, 2048]]' '['""'""'c10::BFloat16'""'""', '""'""'c10::BFloat16'""'""']' '[[1536, 1], [1, 1536]]' '['""'""''""'""', '""'""''""'""']'"
fused_op_mm_8cd5a2303e5647d3bcdd07e6f06055f122a3ef7e_1280x7680xbfloat16_7680x3840xbfloat16.mlir,1280,3840,7680,1,,"aten::mm '[[1280, 7680], [7680, 3840]]' '['""'""'c10::BFloat16'""'""', '""'""'c10::BFloat16'""'""']' '[[7680, 1], [3840, 1]]' '['""'""''""'""', '""'""''""'""']'"
fused_op_mm_9474bfb9b05d11df926e982001879ff6f8416045_4096x2048xbfloat16_4096x8192xbfloat16.mlir,2048,8192,4096,1,,"aten::mm '[[2048, 4096], [4096, 8192]]' '['""'""'c10::BFloat16'""'""', '""'""'c10::BFloat16'""'""']' '[[1, 2048], [8192, 1]]' '['""'""''""'""', '""'""''""'""']'"
fused_op_mm_949e320e84d97bc0358d9385ee57c1259dc5d4cc_150000x1024xbfloat16_150000x4096xbfloat16.mlir,1024,4096,150000,1,,"aten::mm '[[1024, 150000], [150000, 4096]]' '['""'""'c10::BFloat16'""'""', '""'""'c10::BFloat16'""'""']' '[[1, 1024], [4096, 1]]' '['""'""''""'""', '""'""''""'""']'"
fused_op_mm_98c67622c6def4077f3f3f1cc6fc90612dd7f641_11520x3840xbfloat16_3840x3840xbfloat16.mlir,11520,3840,3840,1,,"aten::mm '[[11520, 3840], [3840, 3840]]' '['""'""'c10::BFloat16'""'""', '""'""'c10::BFloat16'""'""']' '[[3840, 1], [3840, 1]]' '['""'""''""'""', '""'""''""'""']'"
fused_op_mm_9d1b3cbddb7f39ce805a92c15de00af81b7790ff_150000x4096xbfloat16_150000x1024xbfloat16.mlir,4096,1024,150000,1,,"aten::mm '[[4096, 150000], [150000, 1024]]' '['""'""'c10::BFloat16'""'""', '""'""'c10::BFloat16'""'""']' '[[1, 4096], [1024, 1]]' '['""'""''""'""', '""'""''""'""']'"
fused_op_mm_9dc2ac579101338abb0995f5ad38d09ac003851f_150000x4096xbfloat16_4096x4096xbfloat16.mlir,150000,4096,4096,1,,"aten::mm '[[150000, 4096], [4096, 4096]]' '['""'""'c10::BFloat16'""'""', '""'""'c10::BFloat16'""'""']' '[[4096, 1], [4096, 1]]' '['""'""''""'""', '""'""''""'""']'"
fused_op_mm_a40c704190bc523e09646546f37eb28b381c5bb0_16640x3840xbfloat16_3840x3840xbfloat16.mlir,16640,3840,3840,1,,"aten::mm '[[16640, 3840], [3840, 3840]]' '['""'""'c10::BFloat16'""'""', '""'""'c10::BFloat16'""'""']' '[[3840, 1], [3840, 1]]' '['""'""''""'""', '""'""''""'""']'"
fused_op_mm_ab4d8152dba7dbdd3cc67c029d36f86b87c85f36_4096x6144xbfloat16_6144x2048xbfloat16.mlir,4096,2048,6144,1,,"aten::mm '[[4096, 6144], [6144, 2048]]' '['""'""'c10::BFloat16'""'""', '""'""'c10::BFloat16'""'""']' '[[6144, 1], [2048, 1]]' '['""'""''""'""', '""'""''""'""']'"
fused_op_mm_ae2a977847148757becb96c80bd61bd684d10f48_6400x3840xbfloat16_3840x3840xbfloat16.mlir,6400,3840,3840,1,,"aten::mm '[[6400, 3840], [3840, 3840]]' '['""'""'c10::BFloat16'""'""', '""'""'c10::BFloat16'""'""']' '[[3840, 1], [3840, 1]]' '['""'""''""'""', '""'""''""'""']'"
fused_op_mm_aed81e5394628775902ed8a4d6ad3ecb7cf7315f_150000x4096xbfloat16_150000x2048xbfloat16.mlir,4096,2048,150000,1,,"aten::mm '[[4096, 150000], [150000, 2048]]' '['""'""'c10::BFloat16'""'""', '""'""'c10::BFloat16'""'""']' '[[1, 4096], [2048, 1]]' '['""'""''""'""', '""'""''""'""']'"
fused_op_mm_b2e2dbf4d801dba5db1934434c81eb3de7217016_1285x8192xbfloat16_8192x2048xbfloat16.mlir,1285,2048,8192,1,,"aten::mm '[[1285, 8192], [8192, 2048]]' '['""'""'c10::BFloat16'""'""', '""'""'c10::BFloat16'""'""']' '[[8192, 1], [2048, 1]]' '['""'""''""'""', '""'""''""'""']'"
fused_op_mm_b563e01b779abe2125c1011159012e603a8d12a5_1285x2048xbfloat16_3840x2048xbfloat16.mlir,1285,3840,2048,1,,"aten::mm '[[1285, 2048], [2048, 3840]]' '['""'""'c10::BFloat16'""'""', '""'""'c10::BFloat16'""'""']' '[[2048, 1], [1, 2048]]' '['""'""''""'""', '""'""''""'""']'"
fused_op_mm_b7918512a176ca52ddc6edd6361ab6aeb28de685_24576x1536xbfloat16_2048x1536xbfloat16.mlir,24576,2048,1536,1,,"aten::mm '[[24576, 1536], [1536, 2048]]' '['""'""'c10::BFloat16'""'""', '""'""'c10::BFloat16'""'""']' '[[1536, 1], [1, 1536]]' '['""'""''""'""', '""'""''""'""']'"
fused_op_mm_b995c474be5da1a508cbba427a03f74c9a0b09e5_1285x8192xbfloat16_1285x2048xbfloat16.mlir,8192,2048,1285,1,,"aten::mm '[[8192, 1285], [1285, 2048]]' '['""'""'c10::BFloat16'""'""', '""'""'c10::BFloat16'""'""']' '[[1, 8192], [2048, 1]]' '['""'""''""'""', '""'""''""'""']'"
fused_op_mm_ba9e77bf554cd416a07cb7fe3916071bc4cb6495_150000x1024xbfloat16_3072x1024xbfloat16.mlir,150000,3072,1024,1,,"aten::mm '[[150000, 1024], [1024, 3072]]' '['""'""'c10::BFloat16'""'""', '""'""'c10::BFloat16'""'""']' '[[1024, 1], [1, 1024]]' '['""'""''""'""', '""'""''""'""']'"
fused_op_mm_bbfbc8adf20ce8e19fa97599fd7682a4272e51db_150000x2048xbfloat16_150000x8192xbfloat16.mlir,2048,8192,150000,1,,"aten::mm '[[2048, 150000], [150000, 8192]]' '['""'""'c10::BFloat16'""'""', '""'""'c10::BFloat16'""'""']' '[[1, 2048], [8192, 1]]' '['""'""''""'""', '""'""''""'""']'"
fused_op_mm_c5bea054f322db56b6bcc5e43978eb6a22930c13_16640x3840xbfloat16_16640x3840xbfloat16.mlir,3840,3840,16640,1,,"aten::mm '[[3840, 16640], [16640, 3840]]' '['""'""'c10::BFloat16'""'""', '""'""'c10::BFloat16'""'""']' '[[1, 3840], [3840, 1]]' '['""'""''""'""', '""'""''""'""']'"
fused_op_mm_c60e7b2a3feb807ef63ae3571840cdadf1ba28b3_150000x8192xbfloat16_8192x2048xbfloat16.mlir,150000,2048,8192,1,,"aten::mm '[[150000, 8192], [8192, 2048]]' '['""'""'c10::BFloat16'""'""', '""'""'c10::BFloat16'""'""']' '[[8192, 1], [2048, 1]]' '['""'""''""'""', '""'""''""'""']'"
fused_op_mm_ccc6043502d72e6e179ae1b1501d4eb8ffcb71bb_11520x3840xbfloat16_3840x3840xbfloat16.mlir,11520,3840,3840,1,,"aten::mm '[[11520, 3840], [3840, 3840]]' '['""'""'c10::BFloat16'""'""', '""'""'c10::BFloat16'""'""']' '[[3840, 1], [1, 3840]]' '['""'""''""'""', '""'""''""'""']'"
fused_op_mm_cff224ed3bab512cb47eb38e41fe36892872f463_150000x3072xbfloat16_3072x1024xbfloat16.mlir,150000,1024,3072,1,,"aten::mm '[[150000, 3072], [3072, 1024]]' '['""'""'c10::BFloat16'""'""', '""'""'c10::BFloat16'""'""']' '[[3072, 1], [1024, 1]]' '['""'""''""'""', '""'""''""'""']'"
fused_op_mm_d7cc32a92c581775fa6eb4401e83f24ec3a2f945_1285x8192xbfloat16_2048x8192xbfloat16.mlir,1285,2048,8192,1,,"aten::mm '[[1285, 8192], [8192, 2048]]' '['""'""'c10::BFloat16'""'""', '""'""'c10::BFloat16'""'""']' '[[8192, 1], [1, 8192]]' '['""'""''""'""', '""'""''""'""']'"
fused_op_mm_d7ff0a7e7059ec0cebffd1488a48dd840778c6f2_4112x2048xbfloat16_2048x2048xbfloat16.mlir,4112,2048,2048,1,,"aten::mm '[[4112, 2048], [2048, 2048]]' '['""'""'c10::BFloat16'""'""', '""'""'c10::BFloat16'""'""']' '[[2048, 1], [1, 2048]]' '['""'""''""'""', '""'""''""'""']'"
fused_op_mm_d8c9e69d94b76efbb432d96469f048317ab97a5b_150000x2268xbfloat16_2268x4096xbfloat16.mlir,150000,4096,2268,1,,"aten::mm '[[150000, 2268], [2268, 4096]]' '['""'""'c10::BFloat16'""'""', '""'""'c10::BFloat16'""'""']' '[[2268, 1], [4096, 1]]' '['""'""''""'""', '""'""''""'""']'"
fused_op_mm_db130b65ff3f306690ec221ac913642c0e7b9ca0_4096x4096xbfloat16_4096x2048xbfloat16.mlir,4096,2048,4096,1,,"aten::mm '[[4096, 4096], [4096, 2048]]' '['""'""'c10::BFloat16'""'""', '""'""'c10::BFloat16'""'""']' '[[1, 4096], [2048, 1]]' '['""'""''""'""', '""'""''""'""']'"
fused_op_mm_e1f9b1955e6906b667dd6a9a969ce8e74adb74c3_6400x3840xbfloat16_6400x3840xbfloat16.mlir,3840,3840,6400,1,,"aten::mm '[[3840, 6400], [6400, 3840]]' '['""'""'c10::BFloat16'""'""', '""'""'c10::BFloat16'""'""']' '[[1, 3840], [3840, 1]]' '['""'""''""'""', '""'""''""'""']'"
fused_op_mm_e43855a82ee07f5c1710d7b2bb598ba268764a7f_16640x3840xbfloat16_3840x3840xbfloat16.mlir,16640,3840,3840,1,,"aten::mm '[[16640, 3840], [3840, 3840]]' '['""'""'c10::BFloat16'""'""', '""'""'c10::BFloat16'""'""']' '[[3840, 1], [1, 3840]]' '['""'""''""'""', '""'""''""'""']'"
fused_op_mm_e63209797e8db9a4df3e077b97501401681b3d1e_4096x4096xbfloat16_4096x2048xbfloat16.mlir,4096,2048,4096,1,,"aten::mm '[[4096, 4096], [4096, 2048]]' '['""'""'c10::BFloat16'""'""', '""'""'c10::BFloat16'""'""']' '[[4096, 1], [2048, 1]]' '['""'""''""'""', '""'""''""'""']'"
fused_op_mm_e8f1068a4ee6281d9610625aebabb955637d01b8_21760x3840xbfloat16_3840x3840xbfloat16.mlir,21760,3840,3840,1,,"aten::mm '[[21760, 3840], [3840, 3840]]' '['""'""'c10::BFloat16'""'""', '""'""'c10::BFloat16'""'""']' '[[3840, 1], [1, 3840]]' '['""'""''""'""', '""'""''""'""']'"
fused_op_mm_ebae1e445e99392fa9ef99d6f4fd751b484083a2_6400x3840xbfloat16_3840x3840xbfloat16.mlir,6400,3840,3840,1,,"aten::mm '[[6400, 3840], [3840, 3840]]' '['""'""'c10::BFloat16'""'""', '""'""'c10::BFloat16'""'""']' '[[3840, 1], [1, 3840]]' '['""'""''""'""', '""'""''""'""']'"
fused_op_mm_ebc3c2fe3d370c209036fbd34353270d8e8510c1_4352x3840xbfloat16_3840x3840xbfloat16.mlir,4352,3840,3840,1,,"aten::mm '[[4352, 3840], [3840, 3840]]' '['""'""'c10::BFloat16'""'""', '""'""'c10::BFloat16'""'""']' '[[3840, 1], [3840, 1]]' '['""'""''""'""', '""'""''""'""']'"
fused_op_mm_efa472d25b7cd992fe302ba5834b9cdcbd2e5060_1285x2048xbfloat16_1285x3840xbfloat16.mlir,2048,3840,1285,1,,"aten::mm '[[2048, 1285], [1285, 3840]]' '['""'""'c10::BFloat16'""'""', '""'""'c10::BFloat16'""'""']' '[[1, 2048], [3840, 1]]' '['""'""''""'""', '""'""''""'""']'"
fused_op_mm_f3f619a58d312ad39798112b0311e3323090b412_150000x16384xbfloat16_150000x4096xbfloat16.mlir,16384,4096,150000,1,,"aten::mm '[[16384, 150000], [150000, 4096]]' '['""'""'c10::BFloat16'""'""', '""'""'c10::BFloat16'""'""']' '[[1, 16384], [4096, 1]]' '['""'""''""'""', '""'""''""'""']'"
fused_op_mm_f429b129b0ad27c97f28d6ec71d9288d16d0f09c_21760x3840xbfloat16_21760x3840xbfloat16.mlir,3840,3840,21760,1,,"aten::mm '[[3840, 21760], [21760, 3840]]' '['""'""'c10::BFloat16'""'""', '""'""'c10::BFloat16'""'""']' '[[1, 3840], [3840, 1]]' '['""'""''""'""', '""'""''""'""']'"
fused_op_mm_f7ac7853dda987b6312b2688b49974f8728f2f7c_21760x3840xbfloat16_3840x3840xbfloat16.mlir,21760,3840,3840,1,,"aten::mm '[[21760, 3840], [3840, 3840]]' '['""'""'c10::BFloat16'""'""', '""'""'c10::BFloat16'""'""']' '[[3840, 1], [3840, 1]]' '['""'""''""'""', '""'""''""'""']'"
fused_op_mm_f85c8ca0e27c7a9a31285c52de836f6327aba35f_150000x1024xbfloat16_1024x4096xbfloat16.mlir,150000,4096,1024,1,,"aten::mm '[[150000, 1024], [1024, 4096]]' '['""'""'c10::BFloat16'""'""', '""'""'c10::BFloat16'""'""']' '[[1024, 1], [4096, 1]]' '['""'""''""'""', '""'""''""'""']'"
fused_op_mm_f94c88102ea78a3b12c84ff53705c87251646136_2304x3840xbfloat16_3840x3840xbfloat16.mlir,2304,3840,3840,1,,"aten::mm '[[2304, 3840], [3840, 3840]]' '['""'""'c10::BFloat16'""'""', '""'""'c10::BFloat16'""'""']' '[[3840, 1], [3840, 1]]' '['""'""''""'""', '""'""''""'""']'"
fused_op_mm_f95b35db09b9a9e8f4ea008692436b7f911edd41_4112x2048xbfloat16_2048x2048xbfloat16.mlir,4112,2048,2048,1,,"aten::mm '[[4112, 2048], [2048, 2048]]' '['""'""'c10::BFloat16'""'""', '""'""'c10::BFloat16'""'""']' '[[2048, 1], [2048, 1]]' '['""'""''""'""', '""'""''""'""']'"
fused_op_mm_fd17ce07f719d3a8a5874a3ee64716376a7968a4_1285x3840xbfloat16_2048x3840xbfloat16.mlir,1285,2048,3840,1,,"aten::mm '[[1285, 3840], [3840, 2048]]' '['""'""'c10::BFloat16'""'""', '""'""'c10::BFloat16'""'""']' '[[3840, 1], [1, 3840]]' '['""'""''""'""', '""'""''""'""']'"
fused_op_mm_fd7ec37cb7ebe8effd8c59d88b774d82c1e0fb60_4096x2048xbfloat16_4096x2048xbfloat16.mlir,2048,2048,4096,1,,"aten::mm '[[2048, 4096], [4096, 2048]]' '['""'""'c10::BFloat16'""'""', '""'""'c10::BFloat16'""'""']' '[[1, 2048], [2048, 1]]' '['""'""''""'""', '""'""''""'""']'"
fused_op_mm_ffffa33ab21ac50411e1039bf2b4af1d1c48a39e_150000x1134xbfloat16_150000x2048xbfloat16.mlir,1134,2048,150000,1,,"aten::mm '[[1134, 150000], [150000, 2048]]' '['""'""'c10::BFloat16'""'""', '""'""'c10::BFloat16'""'""']' '[[1, 1134], [2048, 1]]' '['""'""''""'""', '""'""''""'""']'"
