missing_index,command,return_code,timed_out,mlir_count,updated_csv_rows,mlir_filenames,stderr_tail
1,"aten::mm '[[2048, 4096], [4096, 8192]]' '['""'""'c10::BFloat16'""'""', '""'""'c10::BFloat16'""'""']' '[[1, 2048], [8192, 1]]' '['""'""''""'""', '""'""''""'""']'",1,0,1,1,fused_op_mm_9474bfb9b05d11df926e982001879ff6f8416045_4096x2048xbfloat16_4096x8192xbfloat16.mlir,
2,"aten::mm '[[8192, 4096], [4096, 2048]]' '['""'""'c10::BFloat16'""'""', '""'""'c10::BFloat16'""'""']' '[[1, 8192], [2048, 1]]' '['""'""''""'""', '""'""''""'""']'",1,0,1,1,fused_op_mm_0fdb139d0976e1e45f0b6862c30603fd461efbad_4096x8192xbfloat16_4096x2048xbfloat16.mlir,
3,"aten::mm '[[6144, 4096], [4096, 2048]]' '['""'""'c10::BFloat16'""'""', '""'""'c10::BFloat16'""'""']' '[[1, 6144], [2048, 1]]' '['""'""''""'""', '""'""''""'""']'",1,0,1,1,fused_op_mm_88fff1ad50da9b51077fb3eca5249b83de877795_4096x6144xbfloat16_4096x2048xbfloat16.mlir,
4,"aten::mm '[[2048, 4096], [4096, 2048]]' '['""'""'c10::BFloat16'""'""', '""'""'c10::BFloat16'""'""']' '[[1, 2048], [2048, 1]]' '['""'""''""'""', '""'""''""'""']'",1,0,1,1,fused_op_mm_fd7ec37cb7ebe8effd8c59d88b774d82c1e0fb60_4096x2048xbfloat16_4096x2048xbfloat16.mlir,
5,"aten::mm '[[512, 24576], [24576, 512]]' '['""'""'c10::BFloat16'""'""', '""'""'c10::BFloat16'""'""']' '[[1, 512], [512, 1]]' '['""'""''""'""', '""'""''""'""']'",1,0,1,1,fused_op_mm_df7ad535eac8aab24427c7b905f3a68518a1aa87_24576x512xbfloat16_24576x512xbfloat16.mlir,
6,"aten::mm '[[24576, 1536], [1536, 2048]]' '['""'""'c10::BFloat16'""'""', '""'""'c10::BFloat16'""'""']' '[[1536, 1], [1, 1536]]' '['""'""''""'""', '""'""''""'""']'",1,0,1,1,fused_op_mm_b7918512a176ca52ddc6edd6361ab6aeb28de685_24576x1536xbfloat16_2048x1536xbfloat16.mlir,
7,"aten::addmm '[[512], [24576, 512], [512, 512], [], []]' '['""'""'c10::BFloat16'""'""', '""'""'c10::BFloat16'""'""', '""'""'c10::BFloat16'""'""', '""'""'Scalar'""'""', '""'""'Scalar'""'""']' '[[1], [512, 1], [1, 512], [], []]' '['""'""''""'""', '""'""''""'""', '""'""''""'""', '""'""'1'""'""', '""'""'1'""'""']'",1,0,1,1,fused_op_convert_el_convert_el_convert_el_mm_mul_mul_1_add_convert_el_bd1b24beac540bdfac66ebdd2a23d60cd9da9854_512xbfloat16_24576x512xbfloat16_512x512xbfloat16.mlir,
8,"aten::mm '[[2048, 24576], [24576, 1536]]' '['""'""'c10::BFloat16'""'""', '""'""'c10::BFloat16'""'""']' '[[1, 2048], [1536, 1]]' '['""'""''""'""', '""'""''""'""']'",-6,0,1,1,fused_op_mm_36c13bd10c7cf5203d16246e2317b0fb842c2377_24576x2048xbfloat16_24576x1536xbfloat16.mlir,terminate called without an active exception 
9,"aten::mm '[[2048, 4112], [4112, 8192]]' '['""'""'c10::BFloat16'""'""', '""'""'c10::BFloat16'""'""']' '[[1, 2048], [8192, 1]]' '['""'""''""'""', '""'""''""'""']'",-6,0,1,1,fused_op_mm_61526b2842a4ce8bcb032dd1bdb8cfefcf663053_4112x2048xbfloat16_4112x8192xbfloat16.mlir,terminate called without an active exception 
10,"aten::mm '[[8192, 4112], [4112, 2048]]' '['""'""'c10::BFloat16'""'""', '""'""'c10::BFloat16'""'""']' '[[1, 8192], [2048, 1]]' '['""'""''""'""', '""'""''""'""']'",1,0,1,1,fused_op_mm_30fb13ca54bad673af6a17af15544e136318cef7_4112x8192xbfloat16_4112x2048xbfloat16.mlir,
11,"aten::mm '[[512, 24576], [24576, 2048]]' '['""'""'c10::BFloat16'""'""', '""'""'c10::BFloat16'""'""']' '[[1, 512], [2048, 1]]' '['""'""''""'""', '""'""''""'""']'",1,0,1,1,fused_op_mm_18c23fe92b497b139d9de32ced7c5499bd4e8a96_24576x512xbfloat16_24576x2048xbfloat16.mlir,
12,"aten::mm '[[2048, 4112], [4112, 2048]]' '['""'""'c10::BFloat16'""'""', '""'""'c10::BFloat16'""'""']' '[[1, 2048], [2048, 1]]' '['""'""''""'""', '""'""''""'""']'",1,0,1,1,fused_op_mm_79d284b9b53c66d5daa286a3d25a4fb58fcf39fa_4112x2048xbfloat16_4112x2048xbfloat16.mlir,
13,"aten::mm '[[1152, 4096], [4096, 576]]' '['""'""'c10::BFloat16'""'""', '""'""'c10::BFloat16'""'""']' '[[1, 1152], [576, 1]]' '['""'""''""'""', '""'""''""'""']'",1,0,1,1,fused_op_mm_2b40e1d10f495e8892161007a3d857949b748ed9_4096x1152xbfloat16_4096x576xbfloat16.mlir,
14,"aten::mm '[[2048, 24576], [24576, 512]]' '['""'""'c10::BFloat16'""'""', '""'""'c10::BFloat16'""'""']' '[[1, 2048], [512, 1]]' '['""'""''""'""', '""'""''""'""']'",1,0,1,1,fused_op_mm_de1cc1ecefb296f0f36d55e7d939d0a1de5291ed_24576x2048xbfloat16_24576x512xbfloat16.mlir,
15,"aten::mm '[[576, 24576], [24576, 576]]' '['""'""'c10::BFloat16'""'""', '""'""'c10::BFloat16'""'""']' '[[1, 576], [576, 1]]' '['""'""''""'""', '""'""''""'""']'",1,0,1,1,fused_op_mm_95358c015e70714804b90cf14af8f97478ea5eb2_24576x576xbfloat16_24576x576xbfloat16.mlir,
16,"aten::mm '[[512, 24576], [24576, 304]]' '['""'""'c10::BFloat16'""'""', '""'""'c10::BFloat16'""'""']' '[[1, 512], [304, 1]]' '['""'""''""'""', '""'""''""'""']'",1,0,1,1,fused_op_mm_72c64e78427da21ca3ecc5f3006f3455d785214d_24576x512xbfloat16_24576x304xbfloat16.mlir,
17,"aten::mm '[[576, 528], [528, 576]]' '['""'""'c10::BFloat16'""'""', '""'""'c10::BFloat16'""'""']' '[[1, 576], [576, 1]]' '['""'""''""'""', '""'""''""'""']'",1,0,1,1,fused_op_mm_de35605025a8f9c5459445edc75c67bef30aaf3a_528x576xbfloat16_528x576xbfloat16.mlir,
18,"aten::mm '[[2048, 24576], [24576, 576]]' '['""'""'c10::BFloat16'""'""', '""'""'c10::BFloat16'""'""']' '[[1, 2048], [576, 1]]' '['""'""''""'""', '""'""''""'""']'",1,0,1,1,fused_op_mm_626935bd802e60bdf0770c7b73b3208c47f3ab13_24576x2048xbfloat16_24576x576xbfloat16.mlir,
19,"aten::mm '[[576, 24576], [24576, 2048]]' '['""'""'c10::BFloat16'""'""', '""'""'c10::BFloat16'""'""']' '[[1, 576], [2048, 1]]' '['""'""''""'""', '""'""''""'""']'",1,0,1,1,fused_op_mm_b2ef39e2d2c218c4be92635703b9214032bd5d2e_24576x576xbfloat16_24576x2048xbfloat16.mlir,
20,"aten::mm '[[576, 32], [32, 576]]' '['""'""'c10::BFloat16'""'""', '""'""'c10::BFloat16'""'""']' '[[1, 576], [576, 1]]' '['""'""''""'""', '""'""''""'""']'",1,0,1,1,fused_op_mm_b097391c0044d405a93e0aba5648fe7736fcaff6_32x576xbfloat16_32x576xbfloat16.mlir,
21,"aten::addmm '[[576], [24576, 2048], [2048, 576], [], []]' '['""'""'c10::BFloat16'""'""', '""'""'c10::BFloat16'""'""', '""'""'c10::BFloat16'""'""', '""'""'Scalar'""'""', '""'""'Scalar'""'""']' '[[1], [2048, 1], [1, 2048], [], []]' '['""'""''""'""', '""'""''""'""', '""'""''""'""', '""'""'1'""'""', '""'""'1'""'""']'",1,0,1,1,fused_op_convert_el_convert_el_convert_el_mm_mul_mul_1_add_convert_el_9d39ac4475c7ad105466cf8ad3b9aa67ee64f9bb_576xbfloat16_24576x2048xbfloat16_576x2048xbfloat16.mlir,
22,"aten::mm '[[1728, 24576], [24576, 576]]' '['""'""'c10::BFloat16'""'""', '""'""'c10::BFloat16'""'""']' '[[1, 1728], [576, 1]]' '['""'""''""'""', '""'""''""'""']'",1,0,1,1,fused_op_mm_920ddc462c3e35485abd0b2864859dd40f992465_24576x1728xbfloat16_24576x576xbfloat16.mlir,
23,"aten::addmm '[[576], [24576, 576], [576, 576], [], []]' '['""'""'c10::BFloat16'""'""', '""'""'c10::BFloat16'""'""', '""'""'c10::BFloat16'""'""', '""'""'Scalar'""'""', '""'""'Scalar'""'""']' '[[1], [576, 1], [1, 576], [], []]' '['""'""''""'""', '""'""''""'""', '""'""''""'""', '""'""'1'""'""', '""'""'1'""'""']'",1,0,1,1,fused_op_convert_el_convert_el_convert_el_mm_mul_mul_1_add_convert_el_64c9b2d98fe9fc70e0630a238e685b18a44da8a6_576xbfloat16_24576x576xbfloat16_576x576xbfloat16.mlir,
24,"aten::bmm '[[16, 192, 384], [16, 384, 384]]' '['""'""'c10::BFloat16'""'""', '""'""'c10::BFloat16'""'""']' '[[73728, 1, 192], [147456, 384, 1]]' '['""'""''""'""', '""'""''""'""']'",1,0,1,1,fused_op_bmm_70dea66c9f7a1534f8fc8ed293ed33c5629a11ff_16x384x192xbfloat16_16x384x384xbfloat16.mlir,
25,"aten::mm '[[576, 32], [32, 2304]]' '['""'""'c10::BFloat16'""'""', '""'""'c10::BFloat16'""'""']' '[[1, 576], [2304, 1]]' '['""'""''""'""', '""'""''""'""']'",1,0,1,1,fused_op_mm_ff39bd240f27fa8f513531e7c86dcc7f50a043a1_32x576xbfloat16_32x2304xbfloat16.mlir,
26,"aten::mm '[[2304, 32], [32, 576]]' '['""'""'c10::BFloat16'""'""', '""'""'c10::BFloat16'""'""']' '[[1, 2304], [576, 1]]' '['""'""''""'""', '""'""''""'""']'",1,0,1,1,fused_op_mm_2ea8f39ed302e9b52250e04ad5ab62812a3ab6e9_32x2304xbfloat16_32x576xbfloat16.mlir,
27,"aten::addmm '[[2048], [4112, 2048], [2048, 2048], [], []]' '['""'""'c10::BFloat16'""'""', '""'""'c10::BFloat16'""'""', '""'""'c10::BFloat16'""'""', '""'""'Scalar'""'""', '""'""'Scalar'""'""']' '[[1], [2048, 1], [1, 2048], [], []]' '['""'""''""'""', '""'""''""'""', '""'""''""'""', '""'""'1'""'""', '""'""'1'""'""']'",1,0,1,1,fused_op_convert_el_convert_el_convert_el_mm_mul_mul_1_add_convert_el_0aba9baf3d11cce6b30a622b76b9565d7592acd9_2048xbfloat16_4112x2048xbfloat16_2048x2048xbfloat16.mlir,
28,"aten::mm '[[304, 24576], [24576, 512]]' '['""'""'c10::BFloat16'""'""', '""'""'c10::BFloat16'""'""']' '[[1, 304], [512, 1]]' '['""'""''""'""', '""'""''""'""']'",1,0,1,1,fused_op_mm_a107c8c56726afcbef91d9e17bfead38892510f3_24576x304xbfloat16_24576x512xbfloat16.mlir,
29,"aten::mm '[[576, 528], [528, 2304]]' '['""'""'c10::BFloat16'""'""', '""'""'c10::BFloat16'""'""']' '[[1, 576], [2304, 1]]' '['""'""''""'""', '""'""''""'""']'",1,0,1,1,fused_op_mm_46d345dd3cabfedf0f1897609fb7ec1f06f23225_528x576xbfloat16_528x2304xbfloat16.mlir,
30,"aten::mm '[[2304, 528], [528, 576]]' '['""'""'c10::BFloat16'""'""', '""'""'c10::BFloat16'""'""']' '[[1, 2304], [576, 1]]' '['""'""''""'""', '""'""''""'""']'",1,0,1,1,fused_op_mm_93eb413c69cd0773c22959f51c733c416b4cbf20_528x2304xbfloat16_528x576xbfloat16.mlir,
31,"aten::mm '[[24576, 512], [512, 304]]' '['""'""'c10::BFloat16'""'""', '""'""'c10::BFloat16'""'""']' '[[512, 1], [1, 512]]' '['""'""''""'""', '""'""''""'""']'",1,0,1,1,fused_op_mm_870474c932f1b1da51aaac61a7c4b8e60d120310_24576x512xbfloat16_304x512xbfloat16.mlir,
32,"aten::mm '[[1728, 528], [528, 576]]' '['""'""'c10::BFloat16'""'""', '""'""'c10::BFloat16'""'""']' '[[1, 1728], [576, 1]]' '['""'""''""'""', '""'""''""'""']'",1,0,1,1,fused_op_mm_a3b0ea6a0f51b8e4a2860aff1e387a7521bb3fd2_528x1728xbfloat16_528x576xbfloat16.mlir,
33,"aten::bmm '[[16, 192, 384], [16, 384, 384]]' '['""'""'c10::BFloat16'""'""', '""'""'c10::BFloat16'""'""']' '[[73728, 1, 192], [147456, 1, 384]]' '['""'""''""'""', '""'""''""'""']'",1,0,1,1,fused_op_bmm_867027adba2210eaaafe9656e1c0693cb4700389_16x384x192xbfloat16_16x384x384xbfloat16.mlir,
34,"aten::addmm '[[1024], [16, 1024], [1024, 1024], [], []]' '['""'""'c10::BFloat16'""'""', '""'""'c10::BFloat16'""'""', '""'""'c10::BFloat16'""'""', '""'""'Scalar'""'""', '""'""'Scalar'""'""']' '[[1], [1024, 1], [1, 1024], [], []]' '['""'""''""'""', '""'""''""'""', '""'""''""'""', '""'""'1'""'""', '""'""'1'""'""']'",1,0,1,1,fused_op_convert_el_convert_el_convert_el_mm_mul_mul_1_add_convert_el_a18546d281e2a398f284202fcc5c7e6ad3a801f3_1024xbfloat16_16x1024xbfloat16_1024x1024xbfloat16.mlir,
35,"aten::mm '[[1024, 16], [16, 1024]]' '['""'""'c10::BFloat16'""'""', '""'""'c10::BFloat16'""'""']' '[[1, 1024], [1024, 1]]' '['""'""''""'""', '""'""''""'""']'",1,0,1,1,fused_op_mm_f58fc941dde260203696d2f3639df455a0135a9c_16x1024xbfloat16_16x1024xbfloat16.mlir,
36,"aten::addmm '[[1024], [16, 512], [512, 1024], [], []]' '['""'""'c10::BFloat16'""'""', '""'""'c10::BFloat16'""'""', '""'""'c10::BFloat16'""'""', '""'""'Scalar'""'""', '""'""'Scalar'""'""']' '[[1], [512, 1], [1, 512], [], []]' '['""'""''""'""', '""'""''""'""', '""'""''""'""', '""'""'1'""'""', '""'""'1'""'""']'",1,0,1,1,fused_op_convert_el_convert_el_convert_el_mm_mul_mul_1_add_convert_el_ebd6e4b400990d00a7fa82de4bf64507bdd41f36_1024xbfloat16_16x512xbfloat16_1024x512xbfloat16.mlir,
37,"aten::mm '[[1024, 16], [16, 512]]' '['""'""'c10::BFloat16'""'""', '""'""'c10::BFloat16'""'""']' '[[1, 1024], [512, 1]]' '['""'""''""'""', '""'""''""'""']'",1,0,1,1,fused_op_mm_6bd98a9dd0371d4e88c42c3d602a911b05a51a49_16x1024xbfloat16_16x512xbfloat16.mlir,
38,"aten::mm '[[256, 3072], [3072, 2048]]' '['""'""'c10::BFloat16'""'""', '""'""'c10::BFloat16'""'""']' '[[1, 256], [2048, 1]]' '['""'""''""'""', '""'""''""'""']'",1,0,1,1,fused_op_mm_5162f186214cd313994c3fd4ab6fc791ddb3dfa0_3072x256xbfloat16_3072x2048xbfloat16.mlir,
39,"aten::mm '[[3072, 2048], [2048, 256]]' '['""'""'c10::BFloat16'""'""', '""'""'c10::BFloat16'""'""']' '[[2048, 1], [1, 2048]]' '['""'""''""'""', '""'""''""'""']'",1,0,1,1,fused_op_mm_b49d263e254f0f90e1b532f2ac705c1ee0f17e2a_3072x2048xbfloat16_256x2048xbfloat16.mlir,
40,"aten::bmm '[[32, 96, 96], [32, 96, 21]]' '['""'""'c10::BFloat16'""'""', '""'""'c10::BFloat16'""'""']' '[[9216, 96, 1], [2016, 1, 96]]' '['""'""''""'""', '""'""''""'""']'",1,0,1,1,fused_op_bmm_8a0c2f7a3337d62e063911b1c6e2fd0f6cd12b32_32x96x96xbfloat16_32x21x96xbfloat16.mlir,
41,"aten::mm '[[128, 3670016], [3670016, 128]]' '['""'""'c10::BFloat16'""'""', '""'""'c10::BFloat16'""'""']' '[[1, 128], [128, 1]]' '['""'""''""'""', '""'""''""'""']'",-6,0,1,1,fused_op_mm_95f201e40dbb32edb7d386d75c905bc459443ac2_3670016x128xbfloat16_3670016x128xbfloat16.mlir,terminate called without an active exception 
42,"aten::mm '[[16384, 150000], [150000, 4096]]' '['""'""'c10::BFloat16'""'""', '""'""'c10::BFloat16'""'""']' '[[1, 16384], [4096, 1]]' '['""'""''""'""', '""'""''""'""']'",1,0,1,1,fused_op_mm_f3f619a58d312ad39798112b0311e3323090b412_150000x16384xbfloat16_150000x4096xbfloat16.mlir,
43,"aten::mm '[[128, 16800000], [16800000, 134]]' '['""'""'c10::BFloat16'""'""', '""'""'c10::BFloat16'""'""']' '[[1, 128], [134, 1]]' '['""'""''""'""', '""'""''""'""']'",1,0,1,1,fused_op_mm_a8e5260270684f1c7d279bfb7679430440b17b77_16800000x128xbfloat16_16800000x134xbfloat16.mlir,
44,"aten::mm '[[1024, 150000], [150000, 4096]]' '['""'""'c10::BFloat16'""'""', '""'""'c10::BFloat16'""'""']' '[[1, 1024], [4096, 1]]' '['""'""''""'""', '""'""''""'""']'",1,0,1,1,fused_op_mm_949e320e84d97bc0358d9385ee57c1259dc5d4cc_150000x1024xbfloat16_150000x4096xbfloat16.mlir,
45,"aten::mm '[[4096, 150000], [150000, 16384]]' '['""'""'c10::BFloat16'""'""', '""'""'c10::BFloat16'""'""']' '[[1, 4096], [16384, 1]]' '['""'""''""'""', '""'""''""'""']'",1,0,1,1,fused_op_mm_512bb641c803cb3732f90390091b7546a238b969_150000x4096xbfloat16_150000x16384xbfloat16.mlir,
46,"aten::mm '[[4096, 150000], [150000, 1024]]' '['""'""'c10::BFloat16'""'""', '""'""'c10::BFloat16'""'""']' '[[1, 4096], [1024, 1]]' '['""'""''""'""', '""'""''""'""']'",1,0,1,1,fused_op_mm_9d1b3cbddb7f39ce805a92c15de00af81b7790ff_150000x4096xbfloat16_150000x1024xbfloat16.mlir,
47,"aten::mm '[[3072, 150000], [150000, 1024]]' '['""'""'c10::BFloat16'""'""', '""'""'c10::BFloat16'""'""']' '[[1, 3072], [1024, 1]]' '['""'""''""'""', '""'""''""'""']'",-6,0,1,1,fused_op_mm_4987af4b30674002fb4ef98a53aa364461746f54_150000x3072xbfloat16_150000x1024xbfloat16.mlir,terminate called without an active exception 
48,"aten::addmm '[[16384], [150000, 4096], [4096, 16384], [], []]' '['""'""'c10::BFloat16'""'""', '""'""'c10::BFloat16'""'""', '""'""'c10::BFloat16'""'""', '""'""'Scalar'""'""', '""'""'Scalar'""'""']' '[[1], [4096, 1], [1, 4096], [], []]' '['""'""''""'""', '""'""''""'""', '""'""''""'""', '""'""'1'""'""', '""'""'1'""'""']'",1,0,1,1,fused_op_convert_el_convert_el_convert_el_mm_mul_mul_1_add_convert_el_b2dab24aca4d3694d933173c89b1d666c667eff8_16384xbfloat16_150000x4096xbfloat16_16384x4096xbfloat16.mlir,
49,"aten::addmm '[[4096], [150000, 16384], [16384, 4096], [], []]' '['""'""'c10::BFloat16'""'""', '""'""'c10::BFloat16'""'""', '""'""'c10::BFloat16'""'""', '""'""'Scalar'""'""', '""'""'Scalar'""'""']' '[[1], [16384, 1], [1, 16384], [], []]' '['""'""''""'""', '""'""''""'""', '""'""''""'""', '""'""'1'""'""', '""'""'1'""'""']'",1,0,1,1,fused_op_convert_el_convert_el_convert_el_mm_mul_mul_1_add_convert_el_63377ae0c2ff8f556297bf5316223937a5f18bfc_4096xbfloat16_150000x16384xbfloat16_4096x16384xbfloat16.mlir,
50,"aten::mm '[[4096, 150000], [150000, 4096]]' '['""'""'c10::BFloat16'""'""', '""'""'c10::BFloat16'""'""']' '[[1, 4096], [4096, 1]]' '['""'""''""'""', '""'""''""'""']'",1,0,1,1,fused_op_mm_380f67cd45d60a100f88dffc98f4013983032ec1_150000x4096xbfloat16_150000x4096xbfloat16.mlir,
51,"aten::mm '[[1024, 150000], [150000, 1024]]' '['""'""'c10::BFloat16'""'""', '""'""'c10::BFloat16'""'""']' '[[1, 1024], [1024, 1]]' '['""'""''""'""', '""'""''""'""']'",-6,0,1,1,fused_op_mm_b2388186a6fe4d96ab4554e5befe75db8bab5af6_150000x1024xbfloat16_150000x1024xbfloat16.mlir,terminate called without an active exception 
52,"aten::addmm '[[4096], [150000, 1024], [1024, 4096], [], []]' '['""'""'c10::BFloat16'""'""', '""'""'c10::BFloat16'""'""', '""'""'c10::BFloat16'""'""', '""'""'Scalar'""'""', '""'""'Scalar'""'""']' '[[1], [1024, 1], [1, 1024], [], []]' '['""'""''""'""', '""'""''""'""', '""'""''""'""', '""'""'1'""'""', '""'""'1'""'""']'",-6,0,1,1,fused_op_convert_el_convert_el_convert_el_mm_mul_mul_1_add_convert_el_9542f6153fb34fbdf8c063a5cd6f07177210c3d8_4096xbfloat16_150000x1024xbfloat16_4096x1024xbfloat16.mlir,terminate called without an active exception 
53,"aten::addmm '[[1024], [150000, 4096], [4096, 1024], [], []]' '['""'""'c10::BFloat16'""'""', '""'""'c10::BFloat16'""'""', '""'""'c10::BFloat16'""'""', '""'""'Scalar'""'""', '""'""'Scalar'""'""']' '[[1], [4096, 1], [1, 4096], [], []]' '['""'""''""'""', '""'""''""'""', '""'""''""'""', '""'""'1'""'""', '""'""'1'""'""']'",-6,0,1,1,fused_op_convert_el_convert_el_convert_el_mm_mul_mul_1_add_convert_el_2fdba8fc05fd6089f0672bdeb064854f59ae3e86_1024xbfloat16_150000x4096xbfloat16_1024x4096xbfloat16.mlir,terminate called without an active exception 
54,"aten::addmm '[[4096], [150000, 4096], [4096, 4096], [], []]' '['""'""'c10::BFloat16'""'""', '""'""'c10::BFloat16'""'""', '""'""'c10::BFloat16'""'""', '""'""'Scalar'""'""', '""'""'Scalar'""'""']' '[[1], [4096, 1], [1, 4096], [], []]' '['""'""''""'""', '""'""''""'""', '""'""''""'""', '""'""'1'""'""', '""'""'1'""'""']'",1,0,1,1,fused_op_convert_el_convert_el_convert_el_mm_mul_mul_1_add_convert_el_960dabb110077c65f6fcb64cf7a14475d882ce22_4096xbfloat16_150000x4096xbfloat16_4096x4096xbfloat16.mlir,
55,"aten::mm '[[128, 2119936], [2119936, 128]]' '['""'""'c10::BFloat16'""'""', '""'""'c10::BFloat16'""'""']' '[[1, 128], [128, 1]]' '['""'""''""'""', '""'""''""'""']'",1,0,1,1,fused_op_mm_a3b0ca4ab5de610cf749db1fa6b4ae9dc579aefb_2119936x128xbfloat16_2119936x128xbfloat16.mlir,
56,"aten::mm '[[150000, 1024], [1024, 3072]]' '['""'""'c10::BFloat16'""'""', '""'""'c10::BFloat16'""'""']' '[[1024, 1], [1, 1024]]' '['""'""''""'""', '""'""''""'""']'",-6,0,1,1,fused_op_mm_ba9e77bf554cd416a07cb7fe3916071bc4cb6495_150000x1024xbfloat16_3072x1024xbfloat16.mlir,terminate called without an active exception 
57,"aten::addmm '[[128], [3670016, 128], [128, 128], [], []]' '['""'""'c10::BFloat16'""'""', '""'""'c10::BFloat16'""'""', '""'""'c10::BFloat16'""'""', '""'""'Scalar'""'""', '""'""'Scalar'""'""']' '[[1], [128, 1], [1, 128], [], []]' '['""'""''""'""', '""'""''""'""', '""'""''""'""', '""'""'1'""'""', '""'""'1'""'""']'",1,0,1,1,fused_op_convert_el_convert_el_convert_el_mm_mul_mul_1_add_convert_el_741c45e06fa4305c347b2b483f42b9b6b7963aa4_128xbfloat16_3670016x128xbfloat16_128x128xbfloat16.mlir,
58,"aten::mm '[[8192, 150000], [150000, 2048]]' '['""'""'c10::BFloat16'""'""', '""'""'c10::BFloat16'""'""']' '[[1, 8192], [2048, 1]]' '['""'""''""'""', '""'""''""'""']'",-6,0,1,1,fused_op_mm_1575148db041eee297d84a3e4115e555ec1a4883_150000x8192xbfloat16_150000x2048xbfloat16.mlir,terminate called without an active exception 
59,"aten::mm '[[2048, 150000], [150000, 8192]]' '['""'""'c10::BFloat16'""'""', '""'""'c10::BFloat16'""'""']' '[[1, 2048], [8192, 1]]' '['""'""''""'""', '""'""''""'""']'",1,0,1,1,fused_op_mm_bbfbc8adf20ce8e19fa97599fd7682a4272e51db_150000x2048xbfloat16_150000x8192xbfloat16.mlir,
60,"aten::bmm '[[672, 25000, 3], [672, 3, 3]]' '['""'""'float'""'""', '""'""'float'""'""']' '[[75000, 1, 25000], [9, 1, 3]]' '['""'""''""'""', '""'""''""'""']'",1,0,1,1,fused_op_bmm_06f58890318b4523f79108fc7f7c985a7e5b7a3e_672x3x25000xfloat64_672x3x3xfloat64.mlir,
61,"aten::addmm '[[8192], [150000, 2048], [2048, 8192], [], []]' '['""'""'c10::BFloat16'""'""', '""'""'c10::BFloat16'""'""', '""'""'c10::BFloat16'""'""', '""'""'Scalar'""'""', '""'""'Scalar'""'""']' '[[1], [2048, 1], [1, 2048], [], []]' '['""'""''""'""', '""'""''""'""', '""'""''""'""', '""'""'1'""'""', '""'""'1'""'""']'",1,0,1,1,fused_op_convert_el_convert_el_convert_el_mm_mul_mul_1_add_convert_el_f0625543a6ef05000c9accff519357ceaf6dca0f_8192xbfloat16_150000x2048xbfloat16_8192x2048xbfloat16.mlir,
62,"aten::addmm '[[2048], [150000, 8192], [8192, 2048], [], []]' '['""'""'c10::BFloat16'""'""', '""'""'c10::BFloat16'""'""', '""'""'c10::BFloat16'""'""', '""'""'Scalar'""'""', '""'""'Scalar'""'""']' '[[1], [8192, 1], [1, 8192], [], []]' '['""'""''""'""', '""'""''""'""', '""'""''""'""', '""'""'1'""'""', '""'""'1'""'""']'",1,0,1,1,fused_op_convert_el_convert_el_convert_el_mm_mul_mul_1_add_convert_el_349cf4bcfc1c79fb1f14af71680b279b1a9b7c16_2048xbfloat16_150000x8192xbfloat16_2048x8192xbfloat16.mlir,
63,"aten::mm '[[16800000, 134], [134, 128]]' '['""'""'c10::BFloat16'""'""', '""'""'c10::BFloat16'""'""']' '[[134, 1], [1, 134]]' '['""'""''""'""', '""'""''""'""']'",1,0,1,1,fused_op_mm_bc2cc21d2af8986bb1c768b598d9808b3e237d21_16800000x134xbfloat16_128x134xbfloat16.mlir,
64,"aten::mm '[[2268, 150000], [150000, 4096]]' '['""'""'c10::BFloat16'""'""', '""'""'c10::BFloat16'""'""']' '[[1, 2268], [4096, 1]]' '['""'""''""'""', '""'""''""'""']'",1,0,1,1,fused_op_mm_6426b016c9f73d4b4ac77fe3f57204a6cb11a536_150000x2268xbfloat16_150000x4096xbfloat16.mlir,
65,"aten::bmm '[[672, 3, 3], [672, 3, 25000]]' '['""'""'float'""'""', '""'""'float'""'""']' '[[16, 1, 4], [75000, 25000, 1]]' '['""'""''""'""', '""'""''""'""']'",1,0,0,0,,
66,"aten::mm '[[4096, 150000], [150000, 2048]]' '['""'""'c10::BFloat16'""'""', '""'""'c10::BFloat16'""'""']' '[[1, 4096], [2048, 1]]' '['""'""''""'""', '""'""''""'""']'",1,0,1,1,fused_op_mm_aed81e5394628775902ed8a4d6ad3ecb7cf7315f_150000x4096xbfloat16_150000x2048xbfloat16.mlir,
67,"aten::mm '[[1134, 150000], [150000, 2048]]' '['""'""'c10::BFloat16'""'""', '""'""'c10::BFloat16'""'""']' '[[1, 1134], [2048, 1]]' '['""'""''""'""', '""'""''""'""']'",-6,0,1,1,fused_op_mm_ffffa33ab21ac50411e1039bf2b4af1d1c48a39e_150000x1134xbfloat16_150000x2048xbfloat16.mlir,terminate called without an active exception 
68,"aten::addmm '[[2268], [150000, 4096], [4096, 2268], [], []]' '['""'""'c10::BFloat16'""'""', '""'""'c10::BFloat16'""'""', '""'""'c10::BFloat16'""'""', '""'""'Scalar'""'""', '""'""'Scalar'""'""']' '[[1], [4096, 1], [1, 4096], [], []]' '['""'""''""'""', '""'""''""'""', '""'""''""'""', '""'""'1'""'""', '""'""'1'""'""']'",1,0,1,1,fused_op_convert_el_convert_el_convert_el_mm_mul_mul_1_add_convert_el_650376670eca97b03ec2126fdbb308b68b6d63ba_2268xbfloat16_150000x4096xbfloat16_2268x4096xbfloat16.mlir,
69,"aten::addmm '[[4096], [150000, 2048], [2048, 4096], [], []]' '['""'""'c10::BFloat16'""'""', '""'""'c10::BFloat16'""'""', '""'""'c10::BFloat16'""'""', '""'""'Scalar'""'""', '""'""'Scalar'""'""']' '[[1], [2048, 1], [1, 2048], [], []]' '['""'""''""'""', '""'""''""'""', '""'""''""'""', '""'""'1'""'""', '""'""'1'""'""']'",1,0,1,1,fused_op_convert_el_convert_el_convert_el_mm_mul_mul_1_add_convert_el_d62c32e8006b92eea0ce799caaa1301713177ec8_4096xbfloat16_150000x2048xbfloat16_4096x2048xbfloat16.mlir,
70,"aten::mm '[[2048, 150000], [150000, 1024]]' '['""'""'c10::BFloat16'""'""', '""'""'c10::BFloat16'""'""']' '[[1, 2048], [1024, 1]]' '['""'""''""'""', '""'""''""'""']'",-6,0,1,1,fused_op_mm_1846216c3f2564f25eed76f9a1eddf979add43d9_150000x2048xbfloat16_150000x1024xbfloat16.mlir,terminate called without an active exception 
71,"aten::addmm '[[128], [2119936, 128], [128, 128], [], []]' '['""'""'c10::BFloat16'""'""', '""'""'c10::BFloat16'""'""', '""'""'c10::BFloat16'""'""', '""'""'Scalar'""'""', '""'""'Scalar'""'""']' '[[1], [128, 1], [1, 128], [], []]' '['""'""''""'""', '""'""''""'""', '""'""''""'""', '""'""'1'""'""', '""'""'1'""'""']'",1,0,1,1,fused_op_convert_el_convert_el_convert_el_mm_mul_mul_1_add_convert_el_1d1a7f39b5f9dcbf5a94fbed4cb6b90371df8e28_128xbfloat16_2119936x128xbfloat16_128x128xbfloat16.mlir,
72,"aten::addmm '[[1134], [150000, 2048], [2048, 1134], [], []]' '['""'""'c10::BFloat16'""'""', '""'""'c10::BFloat16'""'""', '""'""'c10::BFloat16'""'""', '""'""'Scalar'""'""', '""'""'Scalar'""'""']' '[[1], [2048, 1], [1, 2048], [], []]' '['""'""''""'""', '""'""''""'""', '""'""''""'""', '""'""'1'""'""', '""'""'1'""'""']'",1,0,1,1,fused_op_convert_el_convert_el_convert_el_mm_mul_mul_1_add_convert_el_f62a897d431b42072daeb103b2b16ee04d458655_1134xbfloat16_150000x2048xbfloat16_1134x2048xbfloat16.mlir,
73,"aten::mm '[[128, 32768], [32768, 128]]' '['""'""'c10::BFloat16'""'""', '""'""'c10::BFloat16'""'""']' '[[1, 128], [128, 1]]' '['""'""''""'""', '""'""''""'""']'",1,0,1,1,fused_op_mm_fce7b997ed9bb7b7045c9a00f1a7570d50e252d2_32768x128xbfloat16_32768x128xbfloat16.mlir,
74,"aten::mm '[[4096, 150000], [150000, 105]]' '['""'""'c10::BFloat16'""'""', '""'""'c10::BFloat16'""'""']' '[[1, 4096], [105, 1]]' '['""'""''""'""', '""'""''""'""']'",1,0,1,1,fused_op_mm_d8231dc046118d9487004a0d326c1b0b27d7f293_150000x4096xbfloat16_150000x105xbfloat16.mlir,
75,"aten::addmm '[[4096], [150000, 105], [105, 4096], [], []]' '['""'""'c10::BFloat16'""'""', '""'""'c10::BFloat16'""'""', '""'""'c10::BFloat16'""'""', '""'""'Scalar'""'""', '""'""'Scalar'""'""']' '[[1], [105, 1], [1, 105], [], []]' '['""'""''""'""', '""'""''""'""', '""'""''""'""', '""'""'1'""'""', '""'""'1'""'""']'",1,0,1,1,fused_op_convert_el_convert_el_convert_el_mm_mul_mul_1_add_convert_el_da72b0b7f66978de8cb5b5125aed54bff827ad2c_4096xbfloat16_150000x105xbfloat16_4096x105xbfloat16.mlir,
76,"aten::addmm '[[2048], [150000, 1024], [1024, 2048], [], []]' '['""'""'c10::BFloat16'""'""', '""'""'c10::BFloat16'""'""', '""'""'c10::BFloat16'""'""', '""'""'Scalar'""'""', '""'""'Scalar'""'""']' '[[1], [1024, 1], [1, 1024], [], []]' '['""'""''""'""', '""'""''""'""', '""'""''""'""', '""'""'1'""'""', '""'""'1'""'""']'",1,0,1,1,fused_op_convert_el_convert_el_convert_el_mm_mul_mul_1_add_convert_el_01aac1e8e536a04e1359a547873042a1d4715f29_2048xbfloat16_150000x1024xbfloat16_2048x1024xbfloat16.mlir,
77,"aten::mm '[[128, 32768], [32768, 512]]' '['""'""'c10::BFloat16'""'""', '""'""'c10::BFloat16'""'""']' '[[1, 128], [512, 1]]' '['""'""''""'""', '""'""''""'""']'",1,0,1,1,fused_op_mm_49deeba0f1d3bef1638ce323f37108d3cc71e115_32768x128xbfloat16_32768x512xbfloat16.mlir,
78,"aten::mm '[[512, 32768], [32768, 128]]' '['""'""'c10::BFloat16'""'""', '""'""'c10::BFloat16'""'""']' '[[1, 512], [128, 1]]' '['""'""''""'""', '""'""''""'""']'",-6,0,1,1,fused_op_mm_baddcb06bbf44da835a11de349cfc1a2e6030a64_32768x512xbfloat16_32768x128xbfloat16.mlir,terminate called without an active exception 
79,"aten::mm '[[128, 18928], [18928, 128]]' '['""'""'c10::BFloat16'""'""', '""'""'c10::BFloat16'""'""']' '[[1, 128], [128, 1]]' '['""'""''""'""', '""'""''""'""']'",1,0,1,1,fused_op_mm_1dd0998cdc15aecc238fde11f5e54fe05fa60de7_18928x128xbfloat16_18928x128xbfloat16.mlir,
80,"aten::mm '[[1024, 150000], [150000, 128]]' '['""'""'c10::BFloat16'""'""', '""'""'c10::BFloat16'""'""']' '[[1, 1024], [128, 1]]' '['""'""''""'""', '""'""''""'""']'",1,0,1,1,fused_op_mm_32d852a128ee2bbc5997605219d7769ca01db2f8_150000x1024xbfloat16_150000x128xbfloat16.mlir,
81,"aten::addmm '[[512], [32768, 128], [128, 512], [], []]' '['""'""'c10::BFloat16'""'""', '""'""'c10::BFloat16'""'""', '""'""'c10::BFloat16'""'""', '""'""'Scalar'""'""', '""'""'Scalar'""'""']' '[[1], [128, 1], [1, 128], [], []]' '['""'""''""'""', '""'""''""'""', '""'""''""'""', '""'""'1'""'""', '""'""'1'""'""']'",1,0,1,1,fused_op_convert_el_convert_el_convert_el_mm_mul_mul_1_add_convert_el_e03cb945dc6d015f47360c19ac08e007f407ecea_512xbfloat16_32768x128xbfloat16_512x128xbfloat16.mlir,
82,"aten::addmm '[[1024], [150000, 128], [128, 1024], [], []]' '['""'""'c10::BFloat16'""'""', '""'""'c10::BFloat16'""'""', '""'""'c10::BFloat16'""'""', '""'""'Scalar'""'""', '""'""'Scalar'""'""']' '[[1], [128, 1], [1, 128], [], []]' '['""'""''""'""', '""'""''""'""', '""'""''""'""', '""'""'1'""'""', '""'""'1'""'""']'",1,0,1,1,fused_op_convert_el_convert_el_convert_el_mm_mul_mul_1_add_convert_el_09b2fc22ee0fff786662a546cfc1d213f1b710fa_1024xbfloat16_150000x128xbfloat16_1024x128xbfloat16.mlir,
83,"aten::addmm '[[128], [32768, 128], [128, 128], [], []]' '['""'""'c10::BFloat16'""'""', '""'""'c10::BFloat16'""'""', '""'""'c10::BFloat16'""'""', '""'""'Scalar'""'""', '""'""'Scalar'""'""']' '[[1], [128, 1], [1, 128], [], []]' '['""'""''""'""', '""'""''""'""', '""'""''""'""', '""'""'1'""'""', '""'""'1'""'""']'",1,0,1,1,fused_op_convert_el_convert_el_convert_el_mm_mul_mul_1_add_convert_el_f9a2c2d10ef18c0247f40de8034b5d032491cb36_128xbfloat16_32768x128xbfloat16_128x128xbfloat16.mlir,
84,"aten::addmm '[[128], [32768, 512], [512, 128], [], []]' '['""'""'c10::BFloat16'""'""', '""'""'c10::BFloat16'""'""', '""'""'c10::BFloat16'""'""', '""'""'Scalar'""'""', '""'""'Scalar'""'""']' '[[1], [512, 1], [1, 512], [], []]' '['""'""''""'""', '""'""''""'""', '""'""''""'""', '""'""'1'""'""', '""'""'1'""'""']'",1,0,1,1,fused_op_convert_el_convert_el_convert_el_mm_mul_mul_1_add_convert_el_6f4e0ef8c9f4e1409baf5934af9c1ec1bc8f3920_128xbfloat16_32768x512xbfloat16_128x512xbfloat16.mlir,
85,"aten::mm '[[128, 18928], [18928, 512]]' '['""'""'c10::BFloat16'""'""', '""'""'c10::BFloat16'""'""']' '[[1, 128], [512, 1]]' '['""'""''""'""', '""'""''""'""']'",1,0,1,1,fused_op_mm_b033db3f86bca7f4db6e24958d67926f2a8b39c6_18928x128xbfloat16_18928x512xbfloat16.mlir,
86,"aten::mm '[[512, 18928], [18928, 128]]' '['""'""'c10::BFloat16'""'""', '""'""'c10::BFloat16'""'""']' '[[1, 512], [128, 1]]' '['""'""''""'""', '""'""''""'""']'",1,0,1,1,fused_op_mm_2f26b73f3ad40ea5e67fb931689f89f8cc2eaf7e_18928x512xbfloat16_18928x128xbfloat16.mlir,
87,"aten::addmm '[[128], [18928, 128], [128, 128], [], []]' '['""'""'c10::BFloat16'""'""', '""'""'c10::BFloat16'""'""', '""'""'c10::BFloat16'""'""', '""'""'Scalar'""'""', '""'""'Scalar'""'""']' '[[1], [128, 1], [1, 128], [], []]' '['""'""''""'""', '""'""''""'""', '""'""''""'""', '""'""'1'""'""', '""'""'1'""'""']'",1,0,1,1,fused_op_convert_el_convert_el_convert_el_mm_mul_mul_1_add_convert_el_ed12239c1dbbc9e05a2a75db3a156b3e5043e82d_128xbfloat16_18928x128xbfloat16_128x128xbfloat16.mlir,
88,"aten::addmm '[[512], [18928, 128], [128, 512], [], []]' '['""'""'c10::BFloat16'""'""', '""'""'c10::BFloat16'""'""', '""'""'c10::BFloat16'""'""', '""'""'Scalar'""'""', '""'""'Scalar'""'""']' '[[1], [128, 1], [1, 128], [], []]' '['""'""''""'""', '""'""''""'""', '""'""''""'""', '""'""'1'""'""', '""'""'1'""'""']'",1,0,1,1,fused_op_convert_el_convert_el_convert_el_mm_mul_mul_1_add_convert_el_b27d9c0e423a8ca54741b35128a4f51fc8e8b9ef_512xbfloat16_18928x128xbfloat16_512x128xbfloat16.mlir,
89,"aten::addmm '[[128], [18928, 512], [512, 128], [], []]' '['""'""'c10::BFloat16'""'""', '""'""'c10::BFloat16'""'""', '""'""'c10::BFloat16'""'""', '""'""'Scalar'""'""', '""'""'Scalar'""'""']' '[[1], [512, 1], [1, 512], [], []]' '['""'""''""'""', '""'""''""'""', '""'""''""'""', '""'""'1'""'""', '""'""'1'""'""']'",1,0,1,1,fused_op_convert_el_convert_el_convert_el_mm_mul_mul_1_add_convert_el_f1a2658e00aec6ee8c6e680ab2a12ecbb334581e_128xbfloat16_18928x512xbfloat16_128x512xbfloat16.mlir,
90,"aten::mm '[[3840, 4352], [4352, 3840]]' '['""'""'c10::BFloat16'""'""', '""'""'c10::BFloat16'""'""']' '[[1, 3840], [3840, 1]]' '['""'""''""'""', '""'""''""'""']'",1,0,1,1,fused_op_mm_62d9672df34ac0204800d014f7068b7a63de65c4_4352x3840xbfloat16_4352x3840xbfloat16.mlir,
91,"aten::addmm '[[3840], [4352, 3840], [3840, 3840], [], []]' '['""'""'c10::BFloat16'""'""', '""'""'c10::BFloat16'""'""', '""'""'c10::BFloat16'""'""', '""'""'Scalar'""'""', '""'""'Scalar'""'""']' '[[1], [3840, 1], [1, 3840], [], []]' '['""'""''""'""', '""'""''""'""', '""'""''""'""', '""'""'1'""'""', '""'""'1'""'""']'",1,0,1,1,fused_op_convert_el_convert_el_convert_el_mm_mul_mul_1_add_convert_el_064d86319d7d574ff9e5bd3eb014c3482c57d106_3840xbfloat16_4352x3840xbfloat16_3840x3840xbfloat16.mlir,
92,"aten::mm '[[3840, 21760], [21760, 3840]]' '['""'""'c10::BFloat16'""'""', '""'""'c10::BFloat16'""'""']' '[[1, 3840], [3840, 1]]' '['""'""''""'""', '""'""''""'""']'",1,0,1,1,fused_op_mm_f429b129b0ad27c97f28d6ec71d9288d16d0f09c_21760x3840xbfloat16_21760x3840xbfloat16.mlir,
93,"aten::addmm '[[3840], [256, 3840], [3840, 3840], [], []]' '['""'""'c10::BFloat16'""'""', '""'""'c10::BFloat16'""'""', '""'""'c10::BFloat16'""'""', '""'""'Scalar'""'""', '""'""'Scalar'""'""']' '[[1], [3840, 1], [1, 3840], [], []]' '['""'""''""'""', '""'""''""'""', '""'""''""'""', '""'""'1'""'""', '""'""'1'""'""']'",1,0,1,1,fused_op_convert_el_convert_el_convert_el_mm_mul_mul_1_add_convert_el_f2cf8baddfd5b170c47747d720514b56d9c27b7e_3840xbfloat16_256x3840xbfloat16_3840x3840xbfloat16.mlir,
94,"aten::mm '[[3840, 256], [256, 3840]]' '['""'""'c10::BFloat16'""'""', '""'""'c10::BFloat16'""'""']' '[[1, 3840], [3840, 1]]' '['""'""''""'""', '""'""''""'""']'",1,0,1,1,fused_op_mm_9fe04c7580db4acd63f23657518202a912bbf4c5_256x3840xbfloat16_256x3840xbfloat16.mlir,
95,"aten::mm '[[3840, 1280], [1280, 3840]]' '['""'""'c10::BFloat16'""'""', '""'""'c10::BFloat16'""'""']' '[[1, 3840], [3840, 1]]' '['""'""''""'""', '""'""''""'""']'",1,0,1,1,fused_op_mm_40cd953a25b67adc0c22f59588aae8c259c968b8_1280x3840xbfloat16_1280x3840xbfloat16.mlir,
96,"aten::addmm '[[3840], [2304, 3840], [3840, 3840], [], []]' '['""'""'c10::BFloat16'""'""', '""'""'c10::BFloat16'""'""', '""'""'c10::BFloat16'""'""', '""'""'Scalar'""'""', '""'""'Scalar'""'""']' '[[1], [3840, 1], [1, 3840], [], []]' '['""'""''""'""', '""'""''""'""', '""'""''""'""', '""'""'1'""'""', '""'""'1'""'""']'",1,0,1,1,fused_op_convert_el_convert_el_convert_el_mm_mul_mul_1_add_convert_el_8bf9de24ecc4e18bbac00f9db6d1fb92a3b85f1c_3840xbfloat16_2304x3840xbfloat16_3840x3840xbfloat16.mlir,
97,"aten::mm '[[3840, 2304], [2304, 3840]]' '['""'""'c10::BFloat16'""'""', '""'""'c10::BFloat16'""'""']' '[[1, 3840], [3840, 1]]' '['""'""''""'""', '""'""''""'""']'",1,0,1,1,fused_op_mm_542ef0152e472ef8df3e58597cc28991817b0d5e_2304x3840xbfloat16_2304x3840xbfloat16.mlir,
98,"aten::addmm '[[3840], [1280, 3840], [3840, 3840], [], []]' '['""'""'c10::BFloat16'""'""', '""'""'c10::BFloat16'""'""', '""'""'c10::BFloat16'""'""', '""'""'Scalar'""'""', '""'""'Scalar'""'""']' '[[1], [3840, 1], [1, 3840], [], []]' '['""'""''""'""', '""'""''""'""', '""'""''""'""', '""'""'1'""'""', '""'""'1'""'""']'",1,0,1,1,fused_op_convert_el_convert_el_convert_el_mm_mul_mul_1_add_convert_el_86e98178fb92d76ed87f731e22d3d4db9e7681ee_3840xbfloat16_1280x3840xbfloat16_3840x3840xbfloat16.mlir,
99,"aten::mm '[[3840, 11520], [11520, 3840]]' '['""'""'c10::BFloat16'""'""', '""'""'c10::BFloat16'""'""']' '[[1, 3840], [3840, 1]]' '['""'""''""'""', '""'""''""'""']'",1,0,1,1,fused_op_mm_1b6df0c6373cc8ab746da29f75f57a4678d848cc_11520x3840xbfloat16_11520x3840xbfloat16.mlir,
100,"aten::mm '[[3840, 16640], [16640, 3840]]' '['""'""'c10::BFloat16'""'""', '""'""'c10::BFloat16'""'""']' '[[1, 3840], [3840, 1]]' '['""'""''""'""', '""'""''""'""']'",1,0,1,1,fused_op_mm_c5bea054f322db56b6bcc5e43978eb6a22930c13_16640x3840xbfloat16_16640x3840xbfloat16.mlir,
101,"aten::mm '[[3840, 6400], [6400, 3840]]' '['""'""'c10::BFloat16'""'""', '""'""'c10::BFloat16'""'""']' '[[1, 3840], [3840, 1]]' '['""'""''""'""', '""'""''""'""']'",1,0,1,1,fused_op_mm_e1f9b1955e6906b667dd6a9a969ce8e74adb74c3_6400x3840xbfloat16_6400x3840xbfloat16.mlir,
102,"aten::mm '[[512, 7680], [7680, 512]]' '['""'""'c10::BFloat16'""'""', '""'""'c10::BFloat16'""'""']' '[[1, 512], [512, 1]]' '['""'""''""'""', '""'""''""'""']'",1,0,1,1,fused_op_mm_dc57a1540a374520949892aec9a9398e9a13d693_7680x512xbfloat16_7680x512xbfloat16.mlir,
103,"aten::mm '[[1280, 3840], [3840, 7680]]' '['""'""'c10::BFloat16'""'""', '""'""'c10::BFloat16'""'""']' '[[3840, 1], [1, 3840]]' '['""'""''""'""', '""'""''""'""']'",1,0,1,1,fused_op_mm_3f6a6d693d48f21d83b0ea568ef8a9f07d08e25a_1280x3840xbfloat16_7680x3840xbfloat16.mlir,
104,"aten::mm '[[7680, 1280], [1280, 3840]]' '['""'""'c10::BFloat16'""'""', '""'""'c10::BFloat16'""'""']' '[[1, 7680], [3840, 1]]' '['""'""''""'""', '""'""''""'""']'",1,0,1,1,fused_op_mm_382c07ac79bbe3bfdc6d4f3d59dc18335a62687a_1280x7680xbfloat16_1280x3840xbfloat16.mlir,
105,"aten::addmm '[[512], [7680, 512], [512, 512], [], []]' '['""'""'c10::BFloat16'""'""', '""'""'c10::BFloat16'""'""', '""'""'c10::BFloat16'""'""', '""'""'Scalar'""'""', '""'""'Scalar'""'""']' '[[1], [512, 1], [1, 512], [], []]' '['""'""''""'""', '""'""''""'""', '""'""''""'""', '""'""'1'""'""', '""'""'1'""'""']'",1,0,1,1,fused_op_convert_el_convert_el_convert_el_mm_mul_mul_1_add_convert_el_8eb21a7f895506f3ecba908e05d9c74cbeca735c_512xbfloat16_7680x512xbfloat16_512x512xbfloat16.mlir,
106,"aten::mm '[[2048, 7680], [7680, 1536]]' '['""'""'c10::BFloat16'""'""', '""'""'c10::BFloat16'""'""']' '[[1, 2048], [1536, 1]]' '['""'""''""'""', '""'""''""'""']'",1,0,1,1,fused_op_mm_3ef5ce63c661d3983cf6d1f83bc5190dee98beaf_7680x2048xbfloat16_7680x1536xbfloat16.mlir,
107,"aten::mm '[[512, 7680], [7680, 2048]]' '['""'""'c10::BFloat16'""'""', '""'""'c10::BFloat16'""'""']' '[[1, 512], [2048, 1]]' '['""'""''""'""', '""'""''""'""']'",1,0,1,1,fused_op_mm_15e36b83d09986106c6693745a79b25dbd7205cd_7680x512xbfloat16_7680x2048xbfloat16.mlir,
108,"aten::mm '[[1152, 1280], [1280, 576]]' '['""'""'c10::BFloat16'""'""', '""'""'c10::BFloat16'""'""']' '[[1, 1152], [576, 1]]' '['""'""''""'""', '""'""''""'""']'",1,0,1,1,fused_op_mm_86c19d001470c7669b40698896ecfca4237898c6_1280x1152xbfloat16_1280x576xbfloat16.mlir,
109,"aten::mm '[[576, 10], [10, 576]]' '['""'""'c10::BFloat16'""'""', '""'""'c10::BFloat16'""'""']' '[[1, 576], [576, 1]]' '['""'""''""'""', '""'""''""'""']'",1,0,1,1,fused_op_mm_9ef7ebeb99390414c1633dff355675a371fca2b5_10x576xbfloat16_10x576xbfloat16.mlir,
110,"aten::mm '[[1280, 576], [576, 1152]]' '['""'""'c10::BFloat16'""'""', '""'""'c10::BFloat16'""'""']' '[[576, 1], [1, 576]]' '['""'""''""'""', '""'""''""'""']'",1,0,1,1,fused_op_mm_e12aa3f743df2e06ea021bd0d416dc8ba1fe8bb3_1280x576xbfloat16_1152x576xbfloat16.mlir,
111,"aten::mm '[[576, 165], [165, 576]]' '['""'""'c10::BFloat16'""'""', '""'""'c10::BFloat16'""'""']' '[[1, 576], [576, 1]]' '['""'""''""'""', '""'""''""'""']'",1,0,1,1,fused_op_mm_57d29a7f5d11cf1ef36d450ee29dbfdb720ef5f0_165x576xbfloat16_165x576xbfloat16.mlir,
112,"aten::mm '[[2048, 1285], [1285, 8192]]' '['""'""'c10::BFloat16'""'""', '""'""'c10::BFloat16'""'""']' '[[1, 2048], [8192, 1]]' '['""'""''""'""', '""'""''""'""']'",1,0,1,1,fused_op_mm_07097b90cd90f5d1d011973df14c968c195fc64e_1285x2048xbfloat16_1285x8192xbfloat16.mlir,
113,"aten::mm '[[7680, 1536], [1536, 2048]]' '['""'""'c10::BFloat16'""'""', '""'""'c10::BFloat16'""'""']' '[[1536, 1], [1, 1536]]' '['""'""''""'""', '""'""''""'""']'",1,0,1,1,fused_op_mm_8c14954568a98526651c91763c85d744445c308b_7680x1536xbfloat16_2048x1536xbfloat16.mlir,
114,"aten::bmm '[[5, 192, 384], [5, 384, 384]]' '['""'""'c10::BFloat16'""'""', '""'""'c10::BFloat16'""'""']' '[[73728, 1, 192], [147456, 384, 1]]' '['""'""''""'""', '""'""''""'""']'",1,0,1,1,fused_op_bmm_3d800a306f540b5ec44cd8d4c3b08890d8109e8f_5x384x192xbfloat16_5x384x384xbfloat16.mlir,
115,"aten::mm '[[8192, 1285], [1285, 2048]]' '['""'""'c10::BFloat16'""'""', '""'""'c10::BFloat16'""'""']' '[[1, 8192], [2048, 1]]' '['""'""''""'""', '""'""''""'""']'",1,0,1,1,fused_op_mm_b995c474be5da1a508cbba427a03f74c9a0b09e5_1285x8192xbfloat16_1285x2048xbfloat16.mlir,
116,"aten::mm '[[2048, 1285], [1285, 3840]]' '['""'""'c10::BFloat16'""'""', '""'""'c10::BFloat16'""'""']' '[[1, 2048], [3840, 1]]' '['""'""''""'""', '""'""''""'""']'",1,0,1,1,fused_op_mm_efa472d25b7cd992fe302ba5834b9cdcbd2e5060_1285x2048xbfloat16_1285x3840xbfloat16.mlir,
117,"aten::mm '[[3840, 1285], [1285, 2048]]' '['""'""'c10::BFloat16'""'""', '""'""'c10::BFloat16'""'""']' '[[1, 3840], [2048, 1]]' '['""'""''""'""', '""'""''""'""']'",1,0,1,1,fused_op_mm_1cf3cd72f4c1e969938577d0a4c7fd56f371d7ce_1285x3840xbfloat16_1285x2048xbfloat16.mlir,
118,"aten::mm '[[2048, 7680], [7680, 512]]' '['""'""'c10::BFloat16'""'""', '""'""'c10::BFloat16'""'""']' '[[1, 2048], [512, 1]]' '['""'""''""'""', '""'""''""'""']'",1,0,1,1,fused_op_mm_f66f16332d469dc924691666292b7e820ec39ce7_7680x2048xbfloat16_7680x512xbfloat16.mlir,
119,"aten::mm '[[2304, 10], [10, 576]]' '['""'""'c10::BFloat16'""'""', '""'""'c10::BFloat16'""'""']' '[[1, 2304], [576, 1]]' '['""'""''""'""', '""'""''""'""']'",1,0,1,1,fused_op_mm_2f5cb894d6607c5cc9bbc35f0dbd589e7efb881c_10x2304xbfloat16_10x576xbfloat16.mlir,
120,"aten::mm '[[576, 10], [10, 2304]]' '['""'""'c10::BFloat16'""'""', '""'""'c10::BFloat16'""'""']' '[[1, 576], [2304, 1]]' '['""'""''""'""', '""'""''""'""']'",1,0,1,1,fused_op_mm_31b5e111cb57b28f40970e73fa45d1ae613a2ac5_10x576xbfloat16_10x2304xbfloat16.mlir,
121,"aten::mm '[[512, 7680], [7680, 304]]' '['""'""'c10::BFloat16'""'""', '""'""'c10::BFloat16'""'""']' '[[1, 512], [304, 1]]' '['""'""''""'""', '""'""''""'""']'",1,0,1,1,fused_op_mm_d8b9c4b5523786075e6ca7be9c8b7244cf3b182e_7680x512xbfloat16_7680x304xbfloat16.mlir,
122,"aten::mm '[[576, 7680], [7680, 576]]' '['""'""'c10::BFloat16'""'""', '""'""'c10::BFloat16'""'""']' '[[1, 576], [576, 1]]' '['""'""''""'""', '""'""''""'""']'",1,0,1,1,fused_op_mm_a62f20b2cb76de9d6623b512af9cf05b2f8f3cb3_7680x576xbfloat16_7680x576xbfloat16.mlir,
123,"aten::mm '[[3840, 7680], [7680, 576]]' '['""'""'c10::BFloat16'""'""', '""'""'c10::BFloat16'""'""']' '[[1, 3840], [576, 1]]' '['""'""''""'""', '""'""''""'""']'",1,0,1,1,fused_op_mm_d1246361c389f7b17c11575dbeccdaec6761f029_7680x3840xbfloat16_7680x576xbfloat16.mlir,
124,"aten::mm '[[576, 7680], [7680, 3840]]' '['""'""'c10::BFloat16'""'""', '""'""'c10::BFloat16'""'""']' '[[1, 576], [3840, 1]]' '['""'""''""'""', '""'""''""'""']'",1,0,1,1,fused_op_mm_dcafc73c877ee6577b5d3694d1dfa0b8ca8b2bf8_7680x576xbfloat16_7680x3840xbfloat16.mlir,
125,"aten::mm '[[2304, 165], [165, 576]]' '['""'""'c10::BFloat16'""'""', '""'""'c10::BFloat16'""'""']' '[[1, 2304], [576, 1]]' '['""'""''""'""', '""'""''""'""']'",1,0,1,1,fused_op_mm_aa7c1776aa25de8e7817b10ce27f1533204c3abf_165x2304xbfloat16_165x576xbfloat16.mlir,
126,"aten::mm '[[20, 21760], [21760, 3840]]' '['""'""'c10::BFloat16'""'""', '""'""'c10::BFloat16'""'""']' '[[1, 20], [3840, 1]]' '['""'""''""'""', '""'""''""'""']'",1,0,1,1,fused_op_mm_e7f9a2d4de82838b430371a620f0479154ba04d7_21760x20xbfloat16_21760x3840xbfloat16.mlir,
127,"aten::mm '[[576, 165], [165, 2304]]' '['""'""'c10::BFloat16'""'""', '""'""'c10::BFloat16'""'""']' '[[1, 576], [2304, 1]]' '['""'""''""'""', '""'""''""'""']'",1,0,1,1,fused_op_mm_0f5e54fe4c781453094d1d03ded6fdd1f82d63fc_165x576xbfloat16_165x2304xbfloat16.mlir,
128,"aten::mm '[[304, 7680], [7680, 512]]' '['""'""'c10::BFloat16'""'""', '""'""'c10::BFloat16'""'""']' '[[1, 304], [512, 1]]' '['""'""''""'""', '""'""''""'""']'",1,0,1,1,fused_op_mm_a625c4a8af3eca01620d6a88c68c94b82b683bd1_7680x304xbfloat16_7680x512xbfloat16.mlir,
129,"aten::mm '[[1728, 165], [165, 576]]' '['""'""'c10::BFloat16'""'""', '""'""'c10::BFloat16'""'""']' '[[1, 1728], [576, 1]]' '['""'""''""'""', '""'""''""'""']'",1,0,1,1,fused_op_mm_1712abd86a0db25adf8b337bfbcbc22d463c5d31_165x1728xbfloat16_165x576xbfloat16.mlir,
130,"aten::bmm '[[5, 192, 384], [5, 384, 384]]' '['""'""'c10::BFloat16'""'""', '""'""'c10::BFloat16'""'""']' '[[73728, 1, 192], [147456, 1, 384]]' '['""'""''""'""', '""'""''""'""']'",1,0,1,1,fused_op_bmm_ade58bb4242d062b0b36b52df64d22af7966de10_5x384x192xbfloat16_5x384x384xbfloat16.mlir,
131,"aten::mm '[[1728, 7680], [7680, 576]]' '['""'""'c10::BFloat16'""'""', '""'""'c10::BFloat16'""'""']' '[[1, 1728], [576, 1]]' '['""'""''""'""', '""'""''""'""']'",1,0,1,1,fused_op_mm_a7c1d211956e2405632f945bd39ce48e49a5656b_7680x1728xbfloat16_7680x576xbfloat16.mlir,
132,"aten::mm '[[165, 576], [576, 1728]]' '['""'""'c10::BFloat16'""'""', '""'""'c10::BFloat16'""'""']' '[[576, 1], [1, 576]]' '['""'""''""'""', '""'""''""'""']'",1,0,1,1,fused_op_mm_04d573574a7ca9714738a3a71d149bb78eaf40b8_165x576xbfloat16_1728x576xbfloat16.mlir,
133,"aten::addmm '[[576], [7680, 3840], [3840, 576], [], []]' '['""'""'c10::BFloat16'""'""', '""'""'c10::BFloat16'""'""', '""'""'c10::BFloat16'""'""', '""'""'Scalar'""'""', '""'""'Scalar'""'""']' '[[1], [3840, 1], [1, 3840], [], []]' '['""'""''""'""', '""'""''""'""', '""'""''""'""', '""'""'1'""'""', '""'""'1'""'""']'",1,0,1,1,fused_op_convert_el_convert_el_convert_el_mm_mul_mul_1_add_convert_el_b0ff381f59f3172bc6d3c92b3cfc69c4a22da253_576xbfloat16_7680x3840xbfloat16_576x3840xbfloat16.mlir,
134,"aten::mm '[[7680, 576], [576, 1728]]' '['""'""'c10::BFloat16'""'""', '""'""'c10::BFloat16'""'""']' '[[576, 1], [1, 576]]' '['""'""''""'""', '""'""''""'""']'",1,0,1,1,fused_op_mm_4dc8353f99c825d0383875865760b7d858dba00d_7680x576xbfloat16_1728x576xbfloat16.mlir,
135,"aten::addmm '[[20], [21760, 3840], [3840, 20], [], []]' '['""'""'c10::BFloat16'""'""', '""'""'c10::BFloat16'""'""', '""'""'c10::BFloat16'""'""', '""'""'Scalar'""'""', '""'""'Scalar'""'""']' '[[1], [3840, 1], [1, 3840], [], []]' '['""'""''""'""', '""'""''""'""', '""'""''""'""', '""'""'1'""'""', '""'""'1'""'""']'",1,0,1,1,fused_op_convert_el_convert_el_convert_el_mm_mul_mul_1_add_convert_el_a14492a1a96061a0bc10af622649f2bfa9d89db7_20xbfloat16_21760x3840xbfloat16_20x3840xbfloat16.mlir,
136,"aten::addmm '[[576], [7680, 576], [576, 576], [], []]' '['""'""'c10::BFloat16'""'""', '""'""'c10::BFloat16'""'""', '""'""'c10::BFloat16'""'""', '""'""'Scalar'""'""', '""'""'Scalar'""'""']' '[[1], [576, 1], [1, 576], [], []]' '['""'""''""'""', '""'""''""'""', '""'""''""'""', '""'""'1'""'""', '""'""'1'""'""']'",1,0,1,1,fused_op_convert_el_convert_el_convert_el_mm_mul_mul_1_add_convert_el_4310a3879ff8292b0d0b67f969250a155a04272e_576xbfloat16_7680x576xbfloat16_576x576xbfloat16.mlir,
137,"aten::mm '[[7680, 512], [512, 304]]' '['""'""'c10::BFloat16'""'""', '""'""'c10::BFloat16'""'""']' '[[512, 1], [1, 512]]' '['""'""''""'""', '""'""''""'""']'",1,0,1,1,fused_op_mm_0b8e56616d2038a78bdeb549a9b482731fe88535_7680x512xbfloat16_304x512xbfloat16.mlir,
138,"aten::mm '[[2048, 1285], [1285, 2048]]' '['""'""'c10::BFloat16'""'""', '""'""'c10::BFloat16'""'""']' '[[1, 2048], [2048, 1]]' '['""'""''""'""', '""'""''""'""']'",1,0,1,1,fused_op_mm_23fdea0faab2d607c437628bb3e45e8413b1b731_1285x2048xbfloat16_1285x2048xbfloat16.mlir,
139,"aten::mm '[[3840, 1280], [1280, 576]]' '['""'""'c10::BFloat16'""'""', '""'""'c10::BFloat16'""'""']' '[[1, 3840], [576, 1]]' '['""'""''""'""', '""'""''""'""']'",1,0,1,1,fused_op_mm_1fc6732caf64a7cd1472f06f927f38bba7bea351_1280x3840xbfloat16_1280x576xbfloat16.mlir,
140,"aten::mm '[[1024, 5], [5, 1024]]' '['""'""'c10::BFloat16'""'""', '""'""'c10::BFloat16'""'""']' '[[1, 1024], [1024, 1]]' '['""'""''""'""', '""'""''""'""']'",1,0,1,1,fused_op_mm_5c9e7ea873d9b46953d3aec57a349ecb08a2be92_5x1024xbfloat16_5x1024xbfloat16.mlir,
141,"aten::mm '[[576, 1280], [1280, 3840]]' '['""'""'c10::BFloat16'""'""', '""'""'c10::BFloat16'""'""']' '[[1, 576], [3840, 1]]' '['""'""''""'""', '""'""''""'""']'",1,0,1,1,fused_op_mm_ffa68525c5a36f2f1d77886291e9f5539c03792f_1280x576xbfloat16_1280x3840xbfloat16.mlir,
142,"aten::addmm '[[576], [1280, 3840], [3840, 576], [], []]' '['""'""'c10::BFloat16'""'""', '""'""'c10::BFloat16'""'""', '""'""'c10::BFloat16'""'""', '""'""'Scalar'""'""', '""'""'Scalar'""'""']' '[[1], [3840, 1], [1, 3840], [], []]' '['""'""''""'""', '""'""''""'""', '""'""''""'""', '""'""'1'""'""', '""'""'1'""'""']'",1,0,1,1,fused_op_convert_el_convert_el_convert_el_mm_mul_mul_1_add_convert_el_ce0548a45550d59dfd291d4bc2e6fb0db0946f60_576xbfloat16_1280x3840xbfloat16_576x3840xbfloat16.mlir,
143,"aten::addmm '[[2048], [1285, 2048], [2048, 2048], [], []]' '['""'""'c10::BFloat16'""'""', '""'""'c10::BFloat16'""'""', '""'""'c10::BFloat16'""'""', '""'""'Scalar'""'""', '""'""'Scalar'""'""']' '[[1], [2048, 1], [1, 2048], [], []]' '['""'""''""'""', '""'""''""'""', '""'""''""'""', '""'""'1'""'""', '""'""'1'""'""']'",1,0,1,1,fused_op_convert_el_convert_el_convert_el_mm_mul_mul_1_add_convert_el_80664950801b4a78801e56bf6c98c0cff266881e_2048xbfloat16_1285x2048xbfloat16_2048x2048xbfloat16.mlir,
144,"aten::addmm '[[1024], [5, 1024], [1024, 1024], [], []]' '['""'""'c10::BFloat16'""'""', '""'""'c10::BFloat16'""'""', '""'""'c10::BFloat16'""'""', '""'""'Scalar'""'""', '""'""'Scalar'""'""']' '[[1], [1024, 1], [1, 1024], [], []]' '['""'""''""'""', '""'""''""'""', '""'""''""'""', '""'""'1'""'""', '""'""'1'""'""']'",1,0,1,1,fused_op_convert_el_convert_el_convert_el_mm_mul_mul_1_add_convert_el_35f983398d59bf9d489c73c22596a949d54b41bc_1024xbfloat16_5x1024xbfloat16_1024x1024xbfloat16.mlir,
145,"aten::mm '[[1024, 5], [5, 512]]' '['""'""'c10::BFloat16'""'""', '""'""'c10::BFloat16'""'""']' '[[1, 1024], [512, 1]]' '['""'""''""'""', '""'""''""'""']'",1,0,1,1,fused_op_mm_cbfcb75c1bc6dd9a664586b0252f62df3a531b34_5x1024xbfloat16_5x512xbfloat16.mlir,
146,"aten::addmm '[[1024], [5, 512], [512, 1024], [], []]' '['""'""'c10::BFloat16'""'""', '""'""'c10::BFloat16'""'""', '""'""'c10::BFloat16'""'""', '""'""'Scalar'""'""', '""'""'Scalar'""'""']' '[[1], [512, 1], [1, 512], [], []]' '['""'""''""'""', '""'""''""'""', '""'""''""'""', '""'""'1'""'""', '""'""'1'""'""']'",1,0,1,1,fused_op_convert_el_convert_el_convert_el_mm_mul_mul_1_add_convert_el_eecef766b5861c896c12f793c51a78f1a68fc904_1024xbfloat16_5x512xbfloat16_1024x512xbfloat16.mlir,
147,"aten::mm '[[1728, 1280], [1280, 576]]' '['""'""'c10::BFloat16'""'""', '""'""'c10::BFloat16'""'""']' '[[1, 1728], [576, 1]]' '['""'""''""'""', '""'""''""'""']'",1,0,1,1,fused_op_mm_0544922ac51a6e4906b5d97adfaafbc63b435d07_1280x1728xbfloat16_1280x576xbfloat16.mlir,
148,"aten::addmm '[[576], [1280, 2304], [2304, 576], [], []]' '['""'""'c10::BFloat16'""'""', '""'""'c10::BFloat16'""'""', '""'""'c10::BFloat16'""'""', '""'""'Scalar'""'""', '""'""'Scalar'""'""']' '[[1], [2304, 1], [1, 2304], [], []]' '['""'""''""'""', '""'""''""'""', '""'""''""'""', '""'""'1'""'""', '""'""'1'""'""']'",1,0,1,1,fused_op_convert_el_convert_el_convert_el_mm_mul_mul_1_add_convert_el_44fa83388f4968b3ed7fb45298a6519c82c8bfbf_576xbfloat16_1280x2304xbfloat16_576x2304xbfloat16.mlir,
149,"aten::mm '[[576, 1280], [1280, 2304]]' '['""'""'c10::BFloat16'""'""', '""'""'c10::BFloat16'""'""']' '[[1, 576], [2304, 1]]' '['""'""''""'""', '""'""''""'""']'",1,0,1,1,fused_op_mm_0bd99756c6a3f296f5dccd50671b4146834e1a35_1280x576xbfloat16_1280x2304xbfloat16.mlir,
150,"aten::mm '[[2304, 1280], [1280, 576]]' '['""'""'c10::BFloat16'""'""', '""'""'c10::BFloat16'""'""']' '[[1, 2304], [576, 1]]' '['""'""''""'""', '""'""''""'""']'",1,0,1,1,fused_op_mm_95a9428b80ba9b8014e2977adeb19a8d3319b5cc_1280x2304xbfloat16_1280x576xbfloat16.mlir,
151,"aten::mm '[[384, 5], [5, 384]]' '['""'""'c10::BFloat16'""'""', '""'""'c10::BFloat16'""'""']' '[[1, 384], [384, 1]]' '['""'""''""'""', '""'""''""'""']'",1,0,1,1,fused_op_mm_90bff78c5e44d6be249ca2f0fd08f18f842949b6_5x384xbfloat16_5x384xbfloat16.mlir,
152,"aten::mm '[[256, 960], [960, 2048]]' '['""'""'c10::BFloat16'""'""', '""'""'c10::BFloat16'""'""']' '[[1, 256], [2048, 1]]' '['""'""''""'""', '""'""''""'""']'",1,0,1,1,fused_op_mm_f8146ead27218c8dc7671940471c01ef3c854b27_960x256xbfloat16_960x2048xbfloat16.mlir,
153,"aten::mm '[[576, 1280], [1280, 576]]' '['""'""'c10::BFloat16'""'""', '""'""'c10::BFloat16'""'""']' '[[1, 576], [576, 1]]' '['""'""''""'""', '""'""''""'""']'",1,0,1,1,fused_op_mm_fc8839757b935eefa9795b327a1ecc20f3d9e66f_1280x576xbfloat16_1280x576xbfloat16.mlir,
154,"aten::mm '[[1280, 576], [576, 1728]]' '['""'""'c10::BFloat16'""'""', '""'""'c10::BFloat16'""'""']' '[[576, 1], [1, 576]]' '['""'""''""'""', '""'""''""'""']'",1,0,1,1,fused_op_mm_22c2b02fbc0a773d19cf18ae1e48662e9f126c64_1280x576xbfloat16_1728x576xbfloat16.mlir,
155,"aten::mm '[[960, 2048], [2048, 256]]' '['""'""'c10::BFloat16'""'""', '""'""'c10::BFloat16'""'""']' '[[2048, 1], [1, 2048]]' '['""'""''""'""', '""'""''""'""']'",1,0,1,1,fused_op_mm_499dc189b9f54751e4a0b5e0a2a6c8e4228e5c41_960x2048xbfloat16_256x2048xbfloat16.mlir,
156,"aten::addmm '[[384], [5, 384], [384, 384], [], []]' '['""'""'c10::BFloat16'""'""', '""'""'c10::BFloat16'""'""', '""'""'c10::BFloat16'""'""', '""'""'Scalar'""'""', '""'""'Scalar'""'""']' '[[1], [384, 1], [1, 384], [], []]' '['""'""''""'""', '""'""''""'""', '""'""''""'""', '""'""'1'""'""', '""'""'1'""'""']'",1,0,1,1,fused_op_convert_el_convert_el_convert_el_mm_mul_mul_1_add_convert_el_4914ac71e076cc6c1c2549b3adc901cd5564dfab_384xbfloat16_5x384xbfloat16_384x384xbfloat16.mlir,
157,"aten::addmm '[[576], [1280, 576], [576, 576], [], []]' '['""'""'c10::BFloat16'""'""', '""'""'c10::BFloat16'""'""', '""'""'c10::BFloat16'""'""', '""'""'Scalar'""'""', '""'""'Scalar'""'""']' '[[1], [576, 1], [1, 576], [], []]' '['""'""''""'""', '""'""''""'""', '""'""''""'""', '""'""'1'""'""', '""'""'1'""'""']'",1,0,1,1,fused_op_convert_el_convert_el_convert_el_mm_mul_mul_1_add_convert_el_e3c3813d9aed808a2629431fe19bac16e5a4a1a7_576xbfloat16_1280x576xbfloat16_576x576xbfloat16.mlir,
158,"aten::mm '[[4, 5], [5, 384]]' '['""'""'c10::BFloat16'""'""', '""'""'c10::BFloat16'""'""']' '[[1, 4], [384, 1]]' '['""'""''""'""', '""'""''""'""']'",1,0,1,1,fused_op_mm_314f66a213ac6c1a039cd87108ecc749b66eadc4_5x4xbfloat16_5x384xbfloat16.mlir,
159,"aten::bmm '[[10, 96, 96], [10, 96, 21]]' '['""'""'c10::BFloat16'""'""', '""'""'c10::BFloat16'""'""']' '[[9216, 96, 1], [2016, 1, 96]]' '['""'""''""'""', '""'""''""'""']'",1,0,1,1,fused_op_bmm_978b55912d4a624daffa03c44380d51dd0070ba7_10x96x96xbfloat16_10x21x96xbfloat16.mlir,
160,"aten::addmm '[[4], [5, 384], [384, 4], [], []]' '['""'""'c10::BFloat16'""'""', '""'""'c10::BFloat16'""'""', '""'""'c10::BFloat16'""'""', '""'""'Scalar'""'""', '""'""'Scalar'""'""']' '[[1], [384, 1], [1, 384], [], []]' '['""'""''""'""', '""'""''""'""', '""'""''""'""', '""'""'1'""'""', '""'""'1'""'""']'",1,0,1,1,fused_op_convert_el_convert_el_convert_el_mm_mul_mul_1_add_convert_el_ede9f8589a53a41872573c10e540dc32f0505f23_4xbfloat16_5x384xbfloat16_4x384xbfloat16.mlir,
